<?xml version="1.0" encoding="ISO-8859-1"?>

<PropertyList>
  <!-- Radar Visibility Calculator Datas -->
   
  <!-- Jettoo (glazmax) and xiii (Alexis Bory) -->
   
  <!-- Aircraft name, RCS(m2), 4th root of RCS, radar type, max. radar range(km),
       max. radar range target seize(RCS)m2, 4th root of radar RCS -->
     
  <instrumentation>
    <radar-performance>
      <data>
        <aircraft n="0">
          <name>generic</name>
          <rcs-sq-meter>5</rcs-sq-meter>
          <rcs-4th-root>1.49</rcs-4th-root>
          <radar-type>none</radar-type>
          <max-radar-rng-km>0</max-radar-rng-km>
          <max-target-sq-meter>0</max-target-sq-meter>
          <max-target-4th-root>0</max-target-4th-root>
          <ecm-type-num>00</ecm-type-num>
        </aircraft>
        <aircraft n="1">
          <name>707</name>
          <rcs-sq-meter>80</rcs-sq-meter>
          <rcs-4th-root>2.34</rcs-4th-root>
          <radar-type>none</radar-type>
          <max-radar-rng-km>0</max-radar-rng-km>
          <max-target-sq-meter>0</max-target-sq-meter>
          <max-target-4th-root>0</max-target-4th-root>
          <!-- guess -->
          <ecm-type-num>00</ecm-type-num>
        </aircraft>
        <aircraft n="2">
               <name>737-300</name>
               <rcs-sq-meter>50</rcs-sq-meter>
               <rcs-4th-root>2.11</rcs-4th-root>
               <radar-type>none</radar-type>
               <max-radar-rng-km>0</max-radar-rng-km>
               <max-target-sq-meter>0</max-target-sq-meter>
               <max-target-4th-root>0</max-target-4th-root>
               <!-- guess -->
               <ecm-type-num>00</ecm-type-num>
        </aircraft>
        <aircraft n="3">
               <name>747</name>
               <rcs-sq-meter>100</rcs-sq-meter>
               <rcs-4th-root>2.34</rcs-4th-root>
               <radar-type>none</radar-type>
               <max-radar-rng-km>0</max-radar-rng-km>
               <max-target-sq-meter>0</max-target-sq-meter>
               <max-target-4th-root>0</max-target-4th-root>
               <!-- guess -->
               <ecm-type-num>00</ecm-type-num>
        </aircraft>
        <aircraft n="4">
               <name n="0">787</name>
               <name n="1">777</name>
               <rcs-sq-meter>35</rcs-sq-meter>
               <rcs-4th-root>1.86</rcs-4th-root>
               <radar-type>WXR-2100</radar-type>
               <max-radar-rng-km>160</max-radar-rng-km>
               <max-target-sq-meter>100</max-target-sq-meter>
               <max-target-4th-root>3.16</max-target-4th-root>
               <!-- guess -->
               <ecm-type-num>00</ecm-type-num>
        </aircraft>
        <aircraft n="5">
               <name>A24-Viking</name>
               <rcs-sq-meter>2</rcs-sq-meter>
               <rcs-4th-root>1.19</rcs-4th-root>
               <radar-type>none</radar-type>
               <max-radar-rng-km>0</max-radar-rng-km>
               <max-target-sq-meter>0</max-target-sq-meter>
               <max-target-4th-root>0</max-target-4th-root>
               <!-- guess -->
               <ecm-type-num>00</ecm-type-num>
        </aircraft>
        <aircraft n="6">
               <name>A-10</name>
               <rcs-sq-meter>25</rcs-sq-meter>
               <rcs-4th-root>2.23</rcs-4th-root>
               <radar-type>none</radar-type>
               <max-radar-rng-km>0</max-radar-rng-km>
               <max-target-sq-meter>0</max-target-sq-meter>
               <max-target-4th-root>0</max-target-4th-root>
               <ecm-type-num>00</ecm-type-num>
        </aircraft>
        <aircraft n="7">
               <name>A300</name>
               <rcs-sq-meter>80</rcs-sq-meter>
               <rcs-4th-root>2.23</rcs-4th-root>
               <radar-type>none</radar-type>
               <max-radar-rng-km>0</max-radar-rng-km>
               <max-target-sq-meter>0</max-target-sq-meter>
               <max-target-4th-root>0</max-target-4th-root>
               <!-- guess -->
               <ecm-type-num>00</ecm-type-num>
        </aircraft>
        <aircraft n="8">
               <name>A320</name>
               <rcs-sq-meter>50</rcs-sq-meter>
               <rcs-4th-root>1.96</rcs-4th-root>
               <radar-type>none</radar-type>
               <max-radar-rng-km>0</max-radar-rng-km>
               <max-target-sq-meter>0</max-target-sq-meter>
               <max-target-4th-root>0</max-target-4th-root>
               <!-- guess -->
               <ecm-type-num>00</ecm-type-num>
        </aircraft>
        <aircraft n="9">
               <name>A380</name>
               <rcs-sq-meter>100</rcs-sq-meter>
               <rcs-4th-root>2.11</rcs-4th-root>
               <radar-type>none</radar-type>
               <max-radar-rng-km>0</max-radar-rng-km>
               <max-target-sq-meter>0</max-target-sq-meter>
               <max-target-4th-root>0</max-target-4th-root>
               <!-- guess -->
               <ecm-type-num>00</ecm-type-num>
        </aircraft>
        <aircraft n="10">
               <name>a4</name>
               <rcs-sq-meter>10</rcs-sq-meter> 
               <rcs-4th-root>1.77</rcs-4th-root>
               <radar-type>APG-53</radar-type>
               <max-radar-rng-km>15</max-radar-rng-km>
               <max-target-sq-meter>5</max-target-sq-meter>
               <max-target-4th-root>1.49</max-target-4th-root>
               <ecm-type-num>00</ecm-type-num>
        </aircraft>
        <aircraft n="11">
               <name>A-6E</name>
               <rcs-sq-meter>14</rcs-sq-meter>
               <rcs-4th-root>1.93</rcs-4th-root>
               <radar-type>APQ-112</radar-type>
               <max-radar-rng-km>150</max-radar-rng-km>
               <max-target-sq-meter>100</max-target-sq-meter>
               <max-target-4th-root>3.16</max-target-4th-root>
               <ecm-type-num>06</ecm-type-num>
             </aircraft>
             <aircraft n="12">
               <name>A6M2</name>
               <rcs-sq-meter>15</rcs-sq-meter>
               <rcs-4th-root>1.96</rcs-4th-root>
               <radar-type>none</radar-type>
               <max-radar-rng-km>0</max-radar-rng-km>
               <max-target-sq-meter>0</max-target-sq-meter>
               <max-target-4th-root>0</max-target-4th-root>
               <!-- guess -->
               <ecm-type-num>00</ecm-type-num>
             </aircraft>
             <aircraft n="13">
               <name>Albatross</name>
               <rcs-sq-meter>40</rcs-sq-meter>
               <rcs-4th-root>2.51</rcs-4th-root>
               <radar-type>none</radar-type>
               <max-radar-rng-km>0</max-radar-rng-km>
               <max-target-sq-meter>0</max-target-sq-meter>
               <max-target-4th-root>0</max-target-4th-root>
               <!-- guess -->
               <ecm-type-num>00</ecm-type-num>
             </aircraft>
             <aircraft n="14">
               <name>Aerostar-700</name>
               <rcs-sq-meter>10</rcs-sq-meter>
               <rcs-4th-root>1.86</rcs-4th-root>
               <radar-type>none</radar-type>
               <max-radar-rng-km>0</max-radar-rng-km>
               <max-target-sq-meter>0</max-target-sq-meter>
               <max-target-4th-root>0</max-target-4th-root>
               <!-- guess -->
               <ecm-type-num>00</ecm-type-num>
             </aircraft>
             <aircraft n="15">
               <name>Alouette-II</name>
               <rcs-sq-meter>15</rcs-sq-meter>
               <rcs-4th-root>2.51</rcs-4th-root>
               <radar-type>none</radar-type>
               <max-radar-rng-km>0</max-radar-rng-km>
               <max-target-sq-meter>0</max-target-sq-meter>
               <max-target-4th-root>0</max-target-4th-root>
               <!-- guess -->
               <ecm-type-num>00</ecm-type-num>
             </aircraft>
             <aircraft n="16">
               <name>Alouette-III</name>
               <rcs-sq-meter>20</rcs-sq-meter>
               <rcs-4th-root>2.11</rcs-4th-root>
               <radar-type>none</radar-type>
               <max-radar-rng-km>0</max-radar-rng-km>
               <max-target-sq-meter>0</max-target-sq-meter>
               <max-target-4th-root>0</max-target-4th-root>
               <!-- guess -->
               <ecm-type-num>00</ecm-type-num>
             </aircraft>
             <aircraft n="17">
               <name>Alphajet</name>
               <rcs-sq-meter>5</rcs-sq-meter>
               <rcs-4th-root>1.49</rcs-4th-root>
               <radar-type>none</radar-type>
               <max-radar-rng-km>0</max-radar-rng-km>
               <max-target-sq-meter>0</max-target-sq-meter>
               <max-target-4th-root>0</max-target-4th-root>
               <!-- guess -->
               <ecm-type-num>00</ecm-type-num>
             </aircraft>
             <aircraft n="18">
               <name>an-2</name>
               <rcs-sq-meter>2</rcs-sq-meter>
               <rcs-4th-root>1.19</rcs-4th-root>
               <radar-type>none</radar-type>
               <max-radar-rng-km>0</max-radar-rng-km>
               <max-target-sq-meter>0</max-target-sq-meter>
               <max-target-4th-root>0</max-target-4th-root>
               <!-- guess -->
               <ecm-type-num>00</ecm-type-num>
             </aircraft>
             <aircraft n="19">
               <name>AN-225</name>
               <rcs-sq-meter>100</rcs-sq-meter>
               <rcs-4th-root>2.59</rcs-4th-root>
               <radar-type>unknown</radar-type>
               <max-radar-rng-km>0</max-radar-rng-km>
               <max-target-sq-meter>0</max-target-sq-meter>
               <max-target-4th-root>0</max-target-4th-root>
               <!-- guess -->
               <ecm-type-num>00</ecm-type-num>
             </aircraft>
             <aircraft n="20">
               <name>apache</name>
               <rcs-sq-meter>30</rcs-sq-meter>
               <rcs-4th-root>2.34</rcs-4th-root>
               <radar-type>APG-78</radar-type>
               <max-radar-rng-km>8</max-radar-rng-km>
               <max-target-sq-meter>1</max-target-sq-meter>
               <max-target-4th-root>1</max-target-4th-root>
               <!-- guess -->
               <ecm-type-num>00</ecm-type-num>
             </aircraft>
             <aircraft n="21">
               <name n="0">ASK21</name>
               <name n="1">asw20</name>
               <name n="2">bocian</name>
               <rcs-sq-meter>  1</rcs-sq-meter>
               <rcs-4th-root>1</rcs-4th-root>
               <radar-type>none</radar-type>
               <max-radar-rng-km>0</max-radar-rng-km>
               <max-target-sq-meter>0</max-target-sq-meter>
               <max-target-4th-root>0</max-target-4th-root>
               <!-- guess -->
               <ecm-type-num>00</ecm-type-num>
             </aircraft>
             <aircraft n="22">
               <name>b1900d</name>
               <rcs-sq-meter>20</rcs-sq-meter>
               <rcs-4th-root>2.11</rcs-4th-root>
               <radar-type>wx500</radar-type>
               <max-radar-rng-km>60</max-radar-rng-km>
               <max-target-sq-meter>100</max-target-sq-meter>
               <max-target-4th-root>3.16</max-target-4th-root>
               <!-- guess -->
               <ecm-type-num>00</ecm-type-num>
             </aircraft>
             <aircraft n="23">
               <name>B-1B</name>
               <rcs-sq-meter>4</rcs-sq-meter>
               <rcs-4th-root>1.41</rcs-4th-root>
               <radar-type>APQ-164</radar-type>
               <max-radar-rng-km>296</max-radar-rng-km>
               <max-target-sq-meter>100</max-target-sq-meter>
               <max-target-4th-root>3.16</max-target-4th-root>
               <ecm-type-num>01</ecm-type-num>
             </aircraft>
             <aircraft n="24">
               <name>B-2</name>
               <rcs-sq-meter>0.0015</rcs-sq-meter>
               <rcs-4th-root>0.19</rcs-4th-root>
               <radar-type>APQ-181</radar-type>
               <max-radar-rng-km>333</max-radar-rng-km>
               <max-target-sq-meter>100</max-target-sq-meter>
               <max-target-4th-root>3.16</max-target-4th-root>
               <ecm-type-num>02</ecm-type-num>
             </aircraft>
             <aircraft n="25">
               <name>b29</name>
               <rcs-sq-meter>100</rcs-sq-meter>
               <rcs-4th-root>3.16</rcs-4th-root>
               <radar-type>APQ-19</radar-type>
               <max-radar-rng-km>45</max-radar-rng-km>
               <max-target-sq-meter>100</max-target-sq-meter>
               <max-target-4th-root>3.16</max-target-4th-root>
               <ecm-type-num>00</ecm-type-num>
             </aircraft>
             <aircraft n="26">
               <name>B-52F</name>
               <rcs-sq-meter>100</rcs-sq-meter>
               <rcs-4th-root>3.16</rcs-4th-root>
               <radar-type>APQ-166</radar-type>
               <max-radar-rng-km>296</max-radar-rng-km>
               <max-target-sq-meter>100</max-target-sq-meter>
               <max-target-4th-root>3.16</max-target-4th-root>
               <ecm-type-num>00</ecm-type-num>
             </aircraft>
             <aircraft n="27">
               <name>BAC-TSR2</name>
               <rcs-sq-meter>15</rcs-sq-meter>
               <rcs-4th-root>1.86</rcs-4th-root>
               <radar-type>Blue Parrot</radar-type>
               <max-radar-rng-km>46</max-radar-rng-km>
               <max-target-sq-meter>100</max-target-sq-meter>
               <max-target-4th-root>3.16</max-target-4th-root>
               <ecm-type-num>00</ecm-type-num>
             </aircraft>
             <aircraft n="28">
               <name>beaufighter</name>
               <rcs-sq-meter>9</rcs-sq-meter>
               <rcs-4th-root>1.73</rcs-4th-root>
               <radar-type>none</radar-type>
               <max-radar-rng-km>0</max-radar-rng-km>
               <max-target-sq-meter>0</max-target-sq-meter>
               <max-target-4th-root>0</max-target-4th-root>
               <ecm-type-num>00</ecm-type-num>
             </aircraft>
             <aircraft n="29">
               <name>bf109</name>
               <rcs-sq-meter>15</rcs-sq-meter>
               <rcs-4th-root>1.96</rcs-4th-root>
               <radar-type>none</radar-type>
               <max-radar-rng-km>0</max-radar-rng-km>
               <max-target-sq-meter>0</max-target-sq-meter>
               <max-target-4th-root>0</max-target-4th-root>
               <ecm-type-num>00</ecm-type-num>
             </aircraft>
             <aircraft n="30">
               <name>Buccaneer</name>
               <rcs-sq-meter>10</rcs-sq-meter>
               <rcs-4th-root>1.77</rcs-4th-root>
               <radar-type>Blue Parrot</radar-type>
               <max-radar-rng-km>46</max-radar-rng-km>
               <max-target-sq-meter>100</max-target-sq-meter>
               <max-target-4th-root>3.16</max-target-4th-root>
               <ecm-type-num>00</ecm-type-num>
             </aircraft>
             <aircraft n="31">
               <name n="0">c310</name>
               <name n="1">c310u3a</name>
               <rcs-sq-meter>4</rcs-sq-meter>
               <rcs-4th-root>1.41</rcs-4th-root>
               <radar-type>none</radar-type>
               <max-radar-rng-km>0</max-radar-rng-km>
               <max-target-sq-meter>0</max-target-sq-meter>
               <max-target-4th-root>0</max-target-4th-root>
               <ecm-type-num>00</ecm-type-num>
             </aircraft>
             <aircraft n="32">
               <name n="0">c172</name>
               <name n="1">c172p</name>
               <name n="2">c172r</name>
               <name n="3">c182</name>
               <name n="4">c182rg</name>
               <rcs-sq-meter>2</rcs-sq-meter>
               <rcs-4th-root>1.19</rcs-4th-root>
               <radar-type>none</radar-type>
               <max-radar-rng-km>0</max-radar-rng-km>
               <max-target-sq-meter>0</max-target-sq-meter>
               <max-target-4th-root>0</max-target-4th-root>
               <ecm-type-num>00</ecm-type-num>
             </aircraft>
             <aircraft n="33">
               <name>dhc6</name>
               <rcs-sq-meter>5</rcs-sq-meter>
               <rcs-4th-root>1.49</rcs-4th-root>
               <radar-type>none</radar-type>
               <max-radar-rng-km>0</max-radar-rng-km>
               <max-target-sq-meter>0</max-target-sq-meter>
               <max-target-4th-root>0</max-target-4th-root>
               <ecm-type-num>00</ecm-type-num>
             </aircraft>
             <aircraft n="34">
               <name>E3B</name>
               <rcs-sq-meter>100</rcs-sq-meter>
               <rcs-4th-root>2.23</rcs-4th-root>
               <radar-type>APY-1/2</radar-type>
               <max-radar-rng-km>650</max-radar-rng-km>
               <max-target-sq-meter>100</max-target-sq-meter>
               <max-target-4th-root>3.16</max-target-4th-root>
               <ecm-type-num>03</ecm-type-num>
             </aircraft>
             <aircraft n="35">
               <name>F-86</name>
               <name>F-86f</name>
               <rcs-sq-meter>9</rcs-sq-meter>
               <rcs-4th-root>1.73</rcs-4th-root>
               <radar-type>APG-37</radar-type>
               <max-radar-rng-km>50</max-radar-rng-km>
               <max-target-sq-meter>100</max-target-sq-meter>
               <max-target-4th-root>3.16</max-target-4th-root>
               <ecm-type-num>00</ecm-type-num>
             </aircraft>
             <aircraft n="36">
               <name>f104</name>
               <rcs-sq-meter>9</rcs-sq-meter>
               <rcs-4th-root>1.73</rcs-4th-root>
               <radar-type>ASG-14</radar-type>
               <max-radar-rng-km>60</max-radar-rng-km>
               <max-target-sq-meter>100</max-target-sq-meter>
               <max-target-4th-root>3.16</max-target-4th-root>
               <ecm-type-num>00</ecm-type-num>
             </aircraft>
             <aircraft n="37">
               <name>f-14b</name>
               <name>f-14b-bs</name>
               <rcs-sq-meter>25</rcs-sq-meter>
               <rcs-4th-root>2.23</rcs-4th-root>
               <radar-type>AWG-9</radar-type>
               <max-radar-rng-km>333</max-radar-rng-km>
               <max-target-sq-meter>100</max-target-sq-meter>
               <max-target-4th-root>3.16</max-target-4th-root>
               <ecm-type-num>14</ecm-type-num>
             </aircraft>
             <aircraft n="38">
               <name>f-14d</name>
               <rcs-sq-meter>25</rcs-sq-meter>
               <rcs-4th-root>2.23</rcs-4th-root>
               <radar-type>APG-71</radar-type>
               <max-radar-rng-km>380</max-radar-rng-km>
               <max-target-sq-meter>100</max-target-sq-meter>
               <max-target-4th-root>3.16</max-target-4th-root>
               <ecm-type-num>14</ecm-type-num>
             </aircraft>
             <aircraft n="39">
               <name n="0">f-15</name>
               <name n="1">f15c</name>
               <rcs-sq-meter>30</rcs-sq-meter>
               <rcs-4th-root>2.34</rcs-4th-root>
               <radar-type>APG-70</radar-type>
               <max-radar-rng-km>235</max-radar-rng-km>
               <max-target-sq-meter>100</max-target-sq-meter>
               <max-target-4th-root>3.16</max-target-4th-root>
               <ecm-type-num>15</ecm-type-num>
             </aircraft>
             <aircraft n="40">
               <name>f16</name>
               <rcs-sq-meter>1.5</rcs-sq-meter>
               <rcs-4th-root>1.11</rcs-4th-root>
               <radar-type>APG-68</radar-type>
               <max-radar-rng-km>296</max-radar-rng-km>
               <max-target-sq-meter>100</max-target-sq-meter>
               <max-target-4th-root>3.16</max-target-4th-root>
               <ecm-type-num>16</ecm-type-num>
             </aircraft>
             <aircraft n="41">
               <name>f18</name>
               <rcs-sq-meter>1.0</rcs-sq-meter>
               <rcs-4th-root>1.00</rcs-4th-root>
               <radar-type>APG-73</radar-type>
               <max-radar-rng-km>326</max-radar-rng-km>
               <max-target-sq-meter>100</max-target-sq-meter>
               <max-target-4th-root>3.16</max-target-4th-root>
               <ecm-type-num>18</ecm-type-num>
             </aircraft>
             <aircraft n="42">
               <name>f22</name>
               <rcs-sq-meter>0.0010</rcs-sq-meter>
               <rcs-4th-root>0.17</rcs-4th-root>
               <radar-type>APG-77</radar-type>
               <max-radar-rng-km>410</max-radar-rng-km>
               <max-target-sq-meter>100</max-target-sq-meter>
               <max-target-4th-root>3.16</max-target-4th-root>
               <ecm-type-num>22</ecm-type-num>
             </aircraft>
             <aircraft n="43">
               <name>f35</name>
               <rcs-sq-meter>0.0025</rcs-sq-meter>
               <rcs-4th-root>0.22</rcs-4th-root>
               <radar-type>APG-81</radar-type>
               <max-radar-rng-km>350</max-radar-rng-km>
               <max-target-sq-meter>100</max-target-sq-meter>
               <max-target-4th-root>3.16</max-target-4th-root>
               <ecm-type-num>23</ecm-type-num>
             </aircraft>
             <aircraft n="44">
               <name>f117</name>
               <rcs-sq-meter>0.015</rcs-sq-meter>
               <rcs-4th-root>0.35</rcs-4th-root>
               <radar-type>none</radar-type>
               <max-radar-rng-km>0</max-radar-rng-km>
               <max-target-sq-meter>0</max-target-sq-meter>
               <max-target-4th-root>0</max-target-4th-root>
               <ecm-type-num>00</ecm-type-num>
             </aircraft>
             <aircraft n="45">
               <name>fokker50</name>
               <rcs-sq-meter>40</rcs-sq-meter>
               <rcs-4th-root>1.96</rcs-4th-root>
               <radar-type>none</radar-type>
               <max-radar-rng-km>0</max-radar-rng-km>
               <max-target-sq-meter>0</max-target-sq-meter>
               <max-target-4th-root>0</max-target-4th-root>
               <ecm-type-num>00</ecm-type-num>
             </aircraft>
             <aircraft n="46">
               <name>harrier</name>
               <rcs-sq-meter>15</rcs-sq-meter>
               <rcs-4th-root>1.96</rcs-4th-root>
               <radar-type>APG-65</radar-type>
               <max-radar-rng-km>296</max-radar-rng-km>
               <max-target-sq-meter>100</max-target-sq-meter>
               <max-target-4th-root>3.16</max-target-4th-root>
               <ecm-type-num>07</ecm-type-num>
             </aircraft>
             <aircraft n="47">
               <name>hunter</name>
               <rcs-sq-meter>8</rcs-sq-meter>
               <rcs-4th-root>2</rcs-4th-root>
               <radar-type>Akco</radar-type>
               <max-radar-rng-km>10</max-radar-rng-km>
               <max-target-sq-meter>100</max-target-sq-meter>
               <max-target-4th-root>3.16</max-target-4th-root>
               <ecm-type-num>08</ecm-type-num>
             </aircraft>
             <aircraft n="48">
               <name>j22</name>
               <rcs-sq-meter>9</rcs-sq-meter>
               <rcs-4th-root>1.79</rcs-4th-root>
               <radar-type>none</radar-type>
               <max-radar-rng-km>0</max-radar-rng-km>
               <max-target-sq-meter>0</max-target-sq-meter>
               <max-target-4th-root>0</max-target-4th-root>
               <ecm-type-num>00</ecm-type-num>
             </aircraft>
             <aircraft n="49">
               <name>KC135</name>
               <rcs-sq-meter>100</rcs-sq-meter>
               <rcs-4th-root>2.43</rcs-4th-root>
               <radar-type>APN-218</radar-type>
               <max-radar-rng-km>160</max-radar-rng-km>
               <max-target-sq-meter>100</max-target-sq-meter>
               <max-target-4th-root>3.16</max-target-4th-root>
               <ecm-type-num>13</ecm-type-num>
             </aircraft>
             <aircraft n="50">
               <name>Lightning</name>
               <rcs-sq-meter>5</rcs-sq-meter>
               <rcs-4th-root>1.49</rcs-4th-root>
               <radar-type>AI-23</radar-type>
               <max-radar-rng-km>111</max-radar-rng-km>
               <max-target-sq-meter>100</max-target-sq-meter>
               <max-target-4th-root>3.16</max-target-4th-root>
               <ecm-type-num>00</ecm-type-num>
             </aircraft>
             <aircraft n="51">
               <name>SR71-Blackbird</name>
               <rcs-sq-meter>0.015</rcs-sq-meter>
               <rcs-4th-root>0.35</rcs-4th-root>
               <radar-type>APQ-108</radar-type>
               <max-radar-rng-km>200</max-radar-rng-km>
               <max-target-sq-meter>100</max-target-sq-meter>
               <max-target-4th-root>3.16</max-target-4th-root>
               <!-- range classified -->
               <ecm-type-num>00</ecm-type-num>
             </aircraft>
             <aircraft n="52">
               <name>MiG-21</name>
               <rcs-sq-meter>4</rcs-sq-meter>
               <rcs-4th-root>1.41</rcs-4th-root>
               <radar-type>RP-21</radar-type>
               <max-radar-rng-km>18</max-radar-rng-km>
               <max-target-sq-meter>100</max-target-sq-meter>
               <max-target-4th-root>3.16</max-target-4th-root>
               <ecm-type-num>00</ecm-type-num>
             </aircraft>
             <aircraft n="53">
               <name>Mig-29</name>
               <rcs-sq-meter>7</rcs-sq-meter>
               <rcs-4th-root>1.63</rcs-4th-root>
               <radar-type>Sapfir</radar-type>
               <max-radar-rng-km>115</max-radar-rng-km>
               <max-target-sq-meter>100</max-target-sq-meter>
               <max-target-4th-root>3.16</max-target-4th-root>
               <ecm-type-num>29</ecm-type-num>
             </aircraft>
             <aircraft n="54">
               <name>Mirage-2000</name>
               <name>mirage2000</name>
               <name>m2000-5</name>
               <rcs-sq-meter>2</rcs-sq-meter>
               <rcs-4th-root>1.19</rcs-4th-root>
               <radar-type>RDY</radar-type>
               <max-radar-rng-km>220</max-radar-rng-km>
               <max-target-sq-meter>100</max-target-sq-meter>
               <max-target-4th-root>3.16</max-target-4th-root>
               <ecm-type-num>09</ecm-type-num>
             </aircraft>
             <aircraft n="55">
               <name>MPCarrier</name>
               <name>mp-nimitz</name>
               <name>mp-eisenhower</name>
               <name>mp-vinson</name>
               <rcs-sq-meter>160000</rcs-sq-meter>
               <rcs-4th-root>20</rcs-4th-root>
               <radar-type>SPS-49</radar-type>
               <max-radar-rng-km>525</max-radar-rng-km>
               <max-target-sq-meter>100</max-target-sq-meter>
               <max-target-4th-root>3.16</max-target-4th-root>
               <ecm-type-num>01</ecm-type-num>
             </aircraft>
             <aircraft n="56">
               <name>Tornado</name>
               <rcs-sq-meter>7</rcs-sq-meter>
               <rcs-4th-root>1.63</rcs-4th-root>
               <radar-type>Foxhunter</radar-type>
               <max-radar-rng-km>210</max-radar-rng-km>
               <max-target-sq-meter>100</max-target-sq-meter>
               <max-target-4th-root>3.16</max-target-4th-root>
               <ecm-type-num>00</ecm-type-num>
             </aircraft>
             <aircraft n="57">
               <name>Mirage-IIIC</name>
               <rcs-sq-meter>7</rcs-sq-meter>
               <rcs-4th-root>1.63</rcs-4th-root>
               <radar-type>Cyrano-2</radar-type>
               <max-radar-rng-km>150</max-radar-rng-km>
               <max-target-sq-meter>100</max-target-sq-meter>
               <max-target-4th-root>3.16</max-target-4th-root>
               <!--guess-->
               <ecm-type-num>09</ecm-type-num>
             </aircraft>
             <aircraft n="58">
               <name>F-4D</name>
               <name>F-4E</name>
               <name>F-4N</name>
               <rcs-sq-meter>7</rcs-sq-meter>
               <rcs-4th-root>1.63</rcs-4th-root>
               <radar-type>APQ-72</radar-type>
               <max-radar-rng-km>150</max-radar-rng-km>
               <max-target-sq-meter>100</max-target-sq-meter>
               <max-target-4th-root>3.16</max-target-4th-root>
               <!--guess-->
               <ecm-type-num>04</ecm-type-num>
             </aircraft>
             <aircraft n="59">
               <name>A-7E</name>
               <rcs-sq-meter>7</rcs-sq-meter>
               <rcs-4th-root>1.63</rcs-4th-root>
               <radar-type>APQ-126</radar-type>
               <max-radar-rng-km>150</max-radar-rng-km>
               <max-target-sq-meter>100</max-target-sq-meter>
               <max-target-4th-root>3.16</max-target-4th-root>
               <!--guess-->
               <ecm-type-num>07</ecm-type-num>
             </aircraft>
             <aircraft n="60">
               <name>F-8E</name>
               <name>Crusader</name>
               <rcs-sq-meter>7</rcs-sq-meter>
               <rcs-4th-root>1.63</rcs-4th-root>
               <radar-type>unknown</radar-type>
               <max-radar-rng-km>150</max-radar-rng-km>
               <max-target-sq-meter>100</max-target-sq-meter>
               <max-target-4th-root>3.16</max-target-4th-root>
               <!--guess-->
               <ecm-type-num>07</ecm-type-num>
        </aircraft>
        <aircraft n="61">
          <name>F-105</name>
          <name>F-105B</name>
          <rcs-sq-meter>7</rcs-sq-meter>
          <rcs-4th-root>1.63</rcs-4th-root>
          <radar-type>NASARR R-14A</radar-type>
          <max-radar-rng-km>150</max-radar-rng-km>
          <max-target-sq-meter>100</max-target-sq-meter>
          <max-target-4th-root>3.16</max-target-4th-root>
          <!--guess-->
          <ecm-type-num>04</ecm-type-num>
        </aircraft>
        <aircraft n="62">
          <name>T-38</name>
          <name>T38</name>
          <rcs-sq-meter>1.5</rcs-sq-meter>
          <rcs-4th-root>1.11</rcs-4th-root>
          <radar-type>APG-68</radar-type>
          <max-radar-rng-km>296</max-radar-rng-km>
          <max-target-sq-meter>100</max-target-sq-meter>
          <max-target-4th-root>3.16</max-target-4th-root><!--guess-->
          <ecm-type-num>16</ecm-type-num>
        </aircraft>
        <aircraft n="63">
          <name>Mirage_F1</name>
          <rcs-sq-meter>7</rcs-sq-meter>
          <rcs-4th-root>1.63</rcs-4th-root>
          <radar-type>Cyrano-4-MR</radar-type><!-- non-doppler -->
          <max-radar-rng-km>150</max-radar-rng-km>
          <max-target-sq-meter>100</max-target-sq-meter>
          <max-target-4th-root>3.16</max-target-4th-root><!--guess-->
          <ecm-type-num>09</ecm-type-num>
        </aircraft>
      </data>
    </radar-performance>
  </instrumentation>

</PropertyList>
