<!--
777-200 Standby Altimeter 
-->

<PropertyList>
 <path>stby-alt.ac</path>

  <animation>
   <type>textranslate</type>
   <object-name>atxt10000</object-name>
   <property>instrumentation/altimeter/indicated-altitude-ft</property>
   <factor>0.00001</factor>
   <step>10000</step>
   <axis>
     <x>0</x>
     <y>1</y>
     <z>0</z>
   </axis>
 </animation>

  <animation>
   <type>textranslate</type>
   <object-name>atxt1000</object-name>
   <property>instrumentation/altimeter/indicated-altitude-ft</property>
   <factor>0.0001</factor>
   <step>1000</step>
   <axis>
     <x>0</x>
     <y>1</y>
     <z>0</z>
   </axis>
 </animation>

  <animation>
   <type>textranslate</type>
   <object-name>atxt100</object-name>
   <property>instrumentation/altimeter/indicated-altitude-ft</property>
   <factor>0.001</factor>
   <step>100</step>
   <axis>
     <x>0</x>
     <y>1</y>
     <z>0</z>
   </axis>
 </animation>

  <animation>
   <type>textranslate</type>
   <object-name>atxt10</object-name>
   <property>instrumentation/altimeter/indicated-altitude-ft</property>
   <factor>0.01</factor>
   <step>10</step>
   <axis>
     <x>0</x>
     <y>1</y>
     <z>0</z>
   </axis>
 </animation>

  <animation>
   <type>textranslate</type>
   <object-name>kpa1000</object-name>
   <property>instrumentation/efis/inhg-kpa</property>
   <factor>0.0001</factor>
   <step>1000</step>
   <axis>
     <x>0</x>
     <y>1</y>
     <z>0</z>
   </axis>
 </animation>

  <animation>
   <type>textranslate</type>
   <object-name>kpa100</object-name>
   <property>instrumentation/efis/inhg-kpa</property>
   <factor>0.001</factor>
   <step>100</step>
   <axis>
     <x>0</x>
     <y>1</y>
     <z>0</z>
   </axis>
 </animation>

  <animation>
   <type>textranslate</type>
   <object-name>kpa10</object-name>
   <property>instrumentation/efis/inhg-kpa</property>
   <factor>0.01</factor>
   <step>10</step>
   <axis>
     <x>0</x>
     <y>1</y>
     <z>0</z>
   </axis>
 </animation>

  <animation>
   <type>textranslate</type>
   <object-name>kpa1</object-name>
   <property>instrumentation/efis/inhg-kpa</property>
   <factor>0.1</factor>
   <step>1</step>
   <axis>
     <x>0</x>
     <y>1</y>
     <z>0</z>
   </axis>
 </animation>

  <animation>
   <type>textranslate</type>
   <object-name>in1000</object-name>
   <property>instrumentation/altimeter/setting-inhg</property>
   <factor>0.01</factor>
   <step>10</step>
   <axis>
     <x>0</x>
     <y>1</y>
     <z>0</z>
   </axis>
 </animation>

  <animation>
   <type>textranslate</type>
   <object-name>in100</object-name>
   <property>instrumentation/altimeter/setting-inhg</property>
   <factor>0.1</factor>
   <step>1</step>
   <axis>
     <x>0</x>
     <y>1</y>
     <z>0</z>
   </axis>
 </animation>

  <animation>
   <type>textranslate</type>
   <object-name>in10</object-name>
   <property>instrumentation/altimeter/setting-inhg</property>
   <factor>1.0</factor>
   <step>0.1</step>
   <bias>0.005</bias>
   <axis>
     <x>0</x>
     <y>1</y>
     <z>0</z>
   </axis>
 </animation>

  <animation>
   <type>textranslate</type>
   <object-name>in1</object-name>
   <property>instrumentation/altimeter/setting-inhg</property>
   <factor>10.0</factor>
   <step>0.01</step>
   <bias>0.005</bias>
   <axis>
     <x>0</x>
     <y>1</y>
     <z>0</z>
   </axis>
 </animation>

  <animation>
   <type>rotate</type>
   <object-name>StbyAltneedle</object-name>
   <property>instrumentation/altimeter/indicated-altitude-ft</property>
   <factor>0.36</factor>
  <center>
   <x-m>0.0</x-m>
   <y-m>0</y-m>
   <z-m>0.001</z-m>
  </center>
   <axis>
     <x>-1</x>
     <y>0</y>
     <z>0</z>
   </axis>
 </animation>

<!--  Hotspots -->

    <animation>
        <type>pick</type>
        <object-name>StbyAsi.knob</object-name>
        <action>
            <button>0</button>
            <repeatable>true</repeatable>
            <interval-sec>0.2</interval-sec>
             <binding>
                <command>property-adjust</command>
                <property>instrumentation/altimeter/setting-inhg</property>
                <step>0.01</step>
                <min>26.0</min>
                <max>33.0</max>
                <wrap>false</wrap>
            </binding>
        </action>
        <action>
            <button>3</button> <!--  scroll up -->
            <repeatable>true</repeatable>
            <interval-sec>0.2</interval-sec>
             <binding>
                <command>property-adjust</command>
                <property>instrumentation/altimeter/setting-inhg</property>
                <step>0.01</step>
                <min>26.0</min>
                <max>33.0</max>
                <wrap>false</wrap>
            </binding>
        </action>
    </animation>

    <animation>
        <type>pick</type>
        <object-name>StbyAsi.knob</object-name>
        <action>
            <button>1</button>
            <repeatable>true</repeatable>
            <interval-sec>0.2</interval-sec>
             <binding>
                <command>property-adjust</command>
                <property>instrumentation/altimeter/setting-inhg</property>
                <step>-0.01</step>
                <min>26.0</min>
                <max>33.0</max>
                <wrap>false</wrap>
            </binding>
        </action>
        <action>
            <button>4</button> <!--  scroll down -->
            <repeatable>true</repeatable>
            <interval-sec>0.2</interval-sec>
             <binding>
                <command>property-adjust</command>
                <property>instrumentation/altimeter/setting-inhg</property>
                <step>-0.01</step>
                <min>26.0</min>
                <max>33.0</max>
                <wrap>false</wrap>
            </binding>
        </action>
    </animation>

</PropertyList>
