<?xml version="1.0"?>
<PropertyList>

 <path>enav.ac</path>
 
 <!--
 <animation>
	 <type>select</type>
	 <object-name>Menu</object-name>
	 <condition>   
		 <equals>
			 <property>instrumentation/enav[0]/selected</property>
			 <value>4</value>
		 </equals>
	 </condition>
 </animation>
-->
 <animation>
	 <type>select</type>
	 <object-name>rose</object-name>
	 <object-name>tacandme</object-name>
	 <object-name>tacandme4</object-name>
	 <object-name>tacandme3</object-name>	 
	 <object-name>tacandme2</object-name>
	 <object-name>tacandme1</object-name>
	 <object-name>tacanlabel</object-name>
	 <object-name>hdglabel</object-name>
	 <object-name>hdg3</object-name>
	 <object-name>hdg2</object-name>
	 <object-name>hdg1</object-name>
	 <object-name>gsindex</object-name> 
	 <object-name>navidr4</object-name>	 
	 <object-name>navidr3</object-name>
	 <object-name>navidr2</object-name>	 
	 <object-name>navidr1</object-name>
	 <object-name>dmerlabel</object-name>
	 <object-name>navidl4</object-name>	 
	 <object-name>navidl3</object-name>
	 <object-name>navidl2</object-name>	 
	 <object-name>navidl1</object-name>
	 <object-name>dmellabel</object-name> 
	 <object-name>dmel4</object-name> 
	 <object-name>dmel3</object-name> 
	 <object-name>dmel2</object-name> 
	 <object-name>dmel1</object-name> 
	 <object-name>bug</object-name>
	 <condition>
		 <not>
		 	<equals>
				 <property>instrumentation/enav[0]/selected</property>
			 	<value>4</value>
		 	</equals>
		</not>
	 </condition>
 </animation>
 
 
 <animation>
	 <type>select</type>
	 <object-name>gsarrow</object-name>
	 <object-name>locindex</object-name>
	 <object-name>arrow1</object-name>
	 <object-name>arrow2</object-name>
	 <object-name>arrow3</object-name>
	 <object-name>arrow3</object-name>
	 <condition>   
		<equals>
		 <property>instrumentation/enav[0]/selected</property>
		 <value>0</value>
	 	</equals>
	 </condition>
 </animation>
 <animation>
	 <type>select</type>
	 <object-name>gsarrow2</object-name>
	 <object-name>locindex2</object-name>
	 <object-name>arrow12</object-name>
	 <object-name>arrow22</object-name>
	 <object-name>arrow32</object-name>
	 <object-name>arrow32</object-name>
	 <condition>
		 <equals>
			 <property>instrumentation/enav[0]/selected</property>
			 <value>1</value>
	 	</equals>
	 </condition>
 </animation>
 <animation>
	 <type>select</type>
	 <object-name>arrow4</object-name>
	 <object-name>arrow42</object-name>
	 <condition>
		 <equals>
			 <property>instrumentation/enav[0]/selected</property>
			 <value>2</value>
		 </equals>
	 </condition>
 </animation>
 <animation>
	 <type>select</type>
	 <object-name>tacanetadot</object-name>
	 <object-name>tacaneta4</object-name>
	 <object-name>tacaneta3</object-name>
	 <object-name>tacaneta2</object-name>	 
	 <object-name>tacaneta1</object-name>
	 <object-name>tacaneta</object-name>
	 <condition>
		 <equals>
			 <property>instrumentation/enav[0]/selected</property>
			 <value>3</value>
		 </equals>
	 </condition>
 </animation>
 <animation>
	 <type>select</type>
	 <object-name>arrow5</object-name>
	 <object-name>tacanid1</object-name>
	 <object-name>tacanid2</object-name>
	 <object-name>tacanid3</object-name>
	 <object-name>tacanid4</object-name>
	 <object-name>tacanid5</object-name>
	 <object-name>tacanid6</object-name>
	 <object-name>tacanid7</object-name>
	 <object-name>tacanid8</object-name>
	 <object-name>tacanid9</object-name>
	 <object-name>tacanid10</object-name>
	 <object-name>tacanid11</object-name>
	 <object-name>tacanid12</object-name>
	 <object-name>tacanid13</object-name>
	 <object-name>tacanid14</object-name>
	 <object-name>tacanid15</object-name>
	 <condition>
		 <equals>
			 <property>instrumentation/enav[0]/selected</property>
			 <value>3</value>
		 </equals>
	 </condition>
 </animation> 
 <animation>
  <type>select</type>
  <object-name>vorllabel</object-name>
  <condition>
  <and>
    <not>
      <equals>
        <property>instrumentation/enav[0]/selected</property>
          <value>4</value>
      </equals>
    </not>
    <equals>
      <property>instrumentation/nav[0]/nav-loc</property>
      <value>false</value>
    </equals>
    <property>instrumentation/nav[0]/in-range</property>
  </and>
  </condition>
 </animation>

 <animation>
  <type>select</type>
  <object-name>vorrlabel</object-name>
  <condition>
  <and>
    <not>
      <equals>
        <property>instrumentation/enav[0]/selected</property>
        <value>4</value>
      </equals>
    </not>
    <equals>
      <property>instrumentation/nav[1]/nav-loc</property>
      <value>false</value>
    </equals>
    <property>instrumentation/nav[1]/in-range</property>
  </and>
  </condition>
 </animation>

 <animation>
  <type>select</type>
  <object-name>ilsllabel</object-name>
  <condition>
  <and>
    <not>
      <equals>
        <property>instrumentation/enav[0]/selected</property>
        <value>4</value>
      </equals>
    </not>  
    <property>instrumentation/nav[0]/nav-loc</property>
    <property>instrumentation/nav[0]/in-range</property>
  </and>
  </condition>
 </animation>

 <animation>
  <type>select</type>
  <object-name>ilsrlabel</object-name>
  <condition>
  <and>
    <not>
      <equals>
        <property>instrumentation/enav[0]/selected</property>
        <value>4</value>
      </equals>
    </not>  
    <property>instrumentation/nav[1]/nav-loc</property>
    <property>instrumentation/nav[1]/in-range</property>
  </and>
  </condition>
 </animation>

 <animation>
  <type>rotate</type>
  <object-name>bug</object-name>
  <property>autopilot/settings/heading-bug-deg</property>
  <axis>
   <x>-1</x>
   <y>0</y>
   <z>0</z>
  </axis>
 </animation>
 <!--++++++++++++++ TACAN +++++++++++++++++++++-->
 <animation>
	 <type>rotate</type>
	 <object-name>arrow5</object-name>
	 <property>orientation/heading-magnetic-deg</property>
	 <axis>
		 <x>1</x>
		 <y>0</y>
		 <z>0</z>
	 </axis>
 </animation>
 <animation>
	 <type>rotate</type>
	 <object-name>arrow5</object-name>
	 <property>instrumentation/tacan/indicated-bearing-true-deg</property>
	 <offset>environment/magnetic-variation-deg</offset>
	 <axis>
		 <x>-1</x>
		 <y>0</y>
		 <z>0</z>
	 </axis>
 </animation>
 <animation>
	 <type>rotate</type>
	 <object-name>arrow5</object-name>
	 <property>environment/magnetic-variation-deg</property>
	 <axis>
		 <x>1</x>
		 <y>0</y>
		 <z>0</z>
	 </axis>
 </animation>
 <animation>
	 <type>textranslate</type>
	 <object-name>tacandme1</object-name>
	 <property>instrumentation/tacan/indicated-distance-nm</property>
	 <factor>2</factor>
	 <step>0.05</step>
	 <axis>
		 <x>0</x>
		 <y>1</y>
		 <z>0</z>
	 </axis>
 </animation>
 
 <animation>
	 <type>textranslate</type>
	 <object-name>tacandme2</object-name>
	 <property>instrumentation/tacan/indicated-distance-nm</property>
	 <factor>0.20</factor>
	 <step>0.5</step>
	 <axis>
		 <x>0</x>
		 <y>1</y>
		 <z>0</z>
	 </axis>
 </animation>
 
 <animation>
	 <type>textranslate</type>
	 <object-name>tacandme3</object-name>
	 <property>instrumentation/tacan/indicated-distance-nm</property>
	 <factor>0.020</factor>
	 <step>5</step>
	 <axis>
		 <x>0</x>
		 <y>1</y>
		 <z>0</z>
	 </axis>
 </animation>
 
 <animation>
	 <type>textranslate</type>
	 <object-name>tacandme4</object-name>
	 <property>instrumentation/tacan/indicated-distance-nm</property>
	 <factor>0.0020</factor>
	 <step>50</step>
	 <axis>
		 <x>0</x>
		 <y>1</y>
		 <z>0</z>
	 </axis>
 </animation>
 <animation>
	 <type>textranslate</type>
	 <object-name>tacaneta1</object-name>
	 <property>instrumentation/tacan/indicated-time-min</property>
	 <factor>1.00</factor>
	 <step>0.1</step>
	 <axis>
		 <x>0</x>
		 <y>1</y>
		 <z>0</z>
	 </axis>
 </animation>
 
 <animation>
	 <type>textranslate</type>
	 <object-name>tacaneta2</object-name>
	 <property>instrumentation/tacan/indicated-time-min</property>
	 <factor>0.10</factor>
	 <step>1</step>
	 <axis>
		 <x>0</x>
		 <y>1</y>
		 <z>0</z>
	 </axis>
 </animation>
 
 <animation>
	 <type>textranslate</type>
	 <object-name>tacaneta3</object-name>
	 <property>instrumentation/tacan/indicated-time-min</property>
	 <factor>0.01</factor>
	 <step>10</step>
	 <axis>
		 <x>0</x>
		 <y>1</y>
		 <z>0</z>
	 </axis>
 </animation>
 
 <animation>
	 <type>textranslate</type>
	 <object-name>tacaneta4</object-name>
	 <property>instrumentation/tacan/indicated-time-min</property>
	 <factor>0.001</factor>
	 <step>100</step>
	 <axis>
		 <x>0</x>
		 <y>1</y>
		 <z>0</z>
	 </axis>
 </animation>
 <animation>
	 <type>textranslate</type>
	 <object-name>tacanid1</object-name>
	 <property>instrumentation/tacan/idchars/char_1</property>
	 <factor>0.03125</factor>
	 <step>1</step>
	 <offset>-1.0</offset>
	 <axis>
		 <x>0</x>
		 <y>1</y>
		 <z>0</z>
	 </axis>
 </animation>
 <animation>
	 <type>textranslate</type>
	 <object-name>tacanid2</object-name>
	 <property>instrumentation/tacan/idchars/char_2</property>
	 <factor>0.03125</factor>
	 <step>1</step>
	 <offset>-1.0</offset>
	 <axis>
		 <x>0</x>
		 <y>1</y>
		 <z>0</z>
	 </axis>
 </animation>
 <animation>
	 <type>textranslate</type>
	 <object-name>tacanid3</object-name>
	 <property>instrumentation/tacan/idchars/char_3</property>
	 <factor>0.03125</factor>
	 <step>1</step>
	 <offset>-1.0</offset>
	 <axis>
		 <x>0</x>
		 <y>1</y>
		 <z>0</z>
	 </axis>
 </animation>
 <animation>
	 <type>textranslate</type>
	 <object-name>tacanid4</object-name>
	 <property>instrumentation/tacan/idchars/char_4</property>
	 <factor>0.03125</factor>
	 <step>1</step>
	 <offset>-1.0</offset>
	 <axis>
		 <x>0</x>
		 <y>1</y>
		 <z>0</z>
	 </axis>
 </animation>
 <animation>
	 <type>textranslate</type>
	 <object-name>tacanid5</object-name>
	 <property>instrumentation/tacan/idchars/char_5</property>
	 <factor>0.03125</factor>
	 <step>1</step>
	 <offset>-1.0</offset>
	 <axis>
		 <x>0</x>
		 <y>1</y>
		 <z>0</z>
	 </axis>
 </animation>
 <animation>
	 <type>textranslate</type>
	 <object-name>tacanid6</object-name>
	 <property>instrumentation/tacan/idchars/char_6</property>
	 <factor>0.03125</factor>
	 <step>1</step>
	 <offset>-1.0</offset>
	 <axis>
		 <x>0</x>
		 <y>1</y>
		 <z>0</z>
	 </axis>
 </animation>
 <animation>
	 <type>textranslate</type>
	 <object-name>tacanid7</object-name>
	 <property>instrumentation/tacan/idchars/char_7</property>
	 <factor>0.03125</factor>
	 <step>1</step>
	 <offset>-1.0</offset>
	 <axis>
		 <x>0</x>
		 <y>1</y>
		 <z>0</z>
	 </axis>
 </animation>
 <animation>
	 <type>textranslate</type>
	 <object-name>tacanid8</object-name>
	 <property>instrumentation/tacan/idchars/char_8</property>
	 <factor>0.03125</factor>
	 <step>1</step>
	 <offset>-1.0</offset>
	 <axis>
		 <x>0</x>
		 <y>1</y>
		 <z>0</z>
	 </axis>
 </animation>
 <animation>
	 <type>textranslate</type>
	 <object-name>tacanid9</object-name>
	 <property>instrumentation/tacan/idchars/char_9</property>
	 <factor>0.03125</factor>
	 <step>1</step>
	 <offset>-1.0</offset>
	 <axis>
		 <x>0</x>
		 <y>1</y>
		 <z>0</z>
	 </axis>
 </animation>
 <animation>
	 <type>textranslate</type>
	 <object-name>tacanid10</object-name>
	 <property>instrumentation/tacan/idchars/char_10</property>
	 <factor>0.03125</factor>
	 <step>1</step>
	 <offset>-1.0</offset>
	 <axis>
		 <x>0</x>
		 <y>1</y>
		 <z>0</z>
	 </axis>
 </animation>
 <animation>
	 <type>textranslate</type>
	 <object-name>tacanid11</object-name>
	 <property>instrumentation/tacan/idchars/char_11</property>
	 <factor>0.03125</factor>
	 <step>1</step>
	 <offset>-1.0</offset>
	 <axis>
		 <x>0</x>
		 <y>1</y>
		 <z>0</z>
	 </axis>
 </animation>
 <animation>
	 <type>textranslate</type>
	 <object-name>tacanid12</object-name>
	 <property>instrumentation/tacan/idchars/char_12</property>
	 <factor>0.03125</factor>
	 <step>1</step>
	 <offset>-1.0</offset>
	 <axis>
		 <x>0</x>
		 <y>1</y>
		 <z>0</z>
	 </axis>
 </animation>
 <animation>
	 <type>textranslate</type>
	 <object-name>tacanid13</object-name>
	 <property>instrumentation/tacan/idchars/char_13</property>
	 <factor>0.03125</factor>
	 <step>1</step>
	 <offset>-1.0</offset>
	 <axis>
		 <x>0</x>
		 <y>1</y>
		 <z>0</z>
	 </axis>
 </animation>
 <animation>
	 <type>textranslate</type>
	 <object-name>tacanid14</object-name>
	 <property>instrumentation/tacan/idchars/char_14</property>
	 <factor>0.03125</factor>
	 <step>1</step>
	 <offset>-1.0</offset>
	 <axis>
		 <x>0</x>
		 <y>1</y>
		 <z>0</z>
	 </axis>
 </animation>
 <animation>
	 <type>textranslate</type>
	 <object-name>tacanid15</object-name>
	 <property>instrumentation/tacan/idchars/char_15</property>
	 <factor>0.03125</factor>
	 <step>1</step>
	 <offset>-1.0</offset>
	 <axis>
		 <x>0</x>
		 <y>1</y>
		 <z>0</z>
	 </axis>
 </animation>
<!--+++++++++++++++ Nav1+2 ++++++++++++++++++++-->
<animation>
	<type>rotate</type>
	<object-name>arrow4</object-name>
	<property>orientation/heading-magnetic-deg</property>
	<axis>
		<x>1</x>
		<y>0</y>
		<z>0</z>
	</axis>
 </animation>
 <animation>
	 <type>rotate</type>
	 <object-name>arrow42</object-name>
	 <property>orientation/heading-magnetic-deg</property>
	 <axis>
		 <x>1</x>
		 <y>0</y>
		 <z>0</z>
	 </axis>
 </animation>
 <animation>
	 <type>rotate</type>
	 <object-name>arrow4</object-name>
	 <property>instrumentation/nav[0]/heading-deg</property>
	 <axis>
		 <x>-1</x>
		 <y>0</y>
		 <z>0</z>
	 </axis>
 </animation>
 <animation>
	 <type>rotate</type>
	 <object-name>arrow42</object-name>
	 <property>instrumentation/nav[1]/heading-deg</property>
	 <axis>
		 <x>-1</x>
		 <y>0</y>
		 <z>0</z>
	 </axis>
 </animation>
<!--+++++++++++++++ NAV1 ++++++++++++++++++++-->
 <animation>
  <type>rotate</type>
  <object-name>locindex</object-name>
  <property>instrumentation/nav[0]/radials/selected-deg</property>
  <axis>
   <x>-1</x>
   <y>0</y>
   <z>0</z>
  </axis>
 </animation>
 <animation>
	 <type>rotate</type>
	 <object-name>arrow1</object-name>
	 <property>instrumentation/nav[0]/radials/selected-deg</property>
	 <axis>
		 <x>-1</x>
		 <y>0</y>
		 <z>0</z>
	 </axis>
 </animation>
 <animation>
	 <type>rotate</type>
	 <object-name>arrow2</object-name>
	 <property>instrumentation/nav[0]/radials/selected-deg</property>
	 <axis>
		 <x>-1</x>
		 <y>0</y>
		 <z>0</z>
	 </axis>
 </animation>
 <animation>
	 <type>rotate</type>
	 <object-name>arrow3</object-name>
	 <property>instrumentation/nav[0]/radials/selected-deg</property>
	 <axis>
		 <x>-1</x>
		 <y>0</y>
		 <z>0</z>
	 </axis>
 </animation>
 <animation>
  <type>rotate</type>
  <object-name>bug</object-name>
  <property>orientation/heading-magnetic-deg</property>
  <axis>
   <x>1</x>
   <y>0</y>
   <z>0</z>
  </axis>
 </animation>
 <animation>
	 <type>rotate</type>
	 <object-name>locindex</object-name>
	 <property>orientation/heading-magnetic-deg</property>
	 <axis>
		 <x>1</x>
		 <y>0</y>
		 <z>0</z>
	 </axis>
 </animation>
 <animation>
	 <type>rotate</type>
	 <object-name>arrow1</object-name>
	 <property>orientation/heading-magnetic-deg</property>
	 <axis>
		 <x>1</x>
		 <y>0</y>
		 <z>0</z>
	 </axis>
 </animation>
 <animation>
	 <type>rotate</type>
	 <object-name>arrow2</object-name>
	 <property>orientation/heading-magnetic-deg</property>
	 <axis>
		 <x>1</x>
		 <y>0</y>
		 <z>0</z>
	 </axis>
 </animation>
 <animation>
	 <type>rotate</type>
	 <object-name>arrow3</object-name>
	 <property>orientation/heading-magnetic-deg</property>
	 <axis>
		 <x>1</x>
		 <y>0</y>
		 <z>0</z>
	 </axis>
 </animation>
 <animation>
  <type>translate</type>
  <object-name>arrow2</object-name>
  <property>instrumentation/nav[0]/heading-needle-deflection</property>
  <factor>0.003875</factor>
  <axis>
   <x>0</x>
   <y>1</y>
   <z>0</z>
  </axis>
 </animation>

 <animation>
  <type>translate</type>
  <object-name>gsarrow</object-name>
  <property>instrumentation/nav[0]/gs-needle-deflection</property>
  <factor>0.003372</factor>
  <min-m>-0.03372</min-m>
  <max-m>0.03372</max-m>
  <axis>
   <x>0</x>
   <y>0</y>
   <z>1</z>
  </axis>
 </animation>
 <!--+++++++++++++++ NAV2 ++++++++++++++++++++ -->
 <animation>
	 <type>rotate</type>
	 <object-name>locindex2</object-name>
	 <property>instrumentation/nav[1]/radials/selected-deg</property>
	 <axis>
		 <x>-1</x>
		 <y>0</y>
		 <z>0</z>
	 </axis>
 </animation>
 <animation>
	 <type>rotate</type>
	 <object-name>arrow12</object-name>
	 <property>instrumentation/nav[1]/radials/selected-deg</property>
	 <axis>
		 <x>-1</x>
		 <y>0</y>
		 <z>0</z>
	 </axis>
 </animation>
 <animation>
	 <type>rotate</type>
	 <object-name>arrow22</object-name>
	 <property>instrumentation/nav[1]/radials/selected-deg</property>
	 <axis>
		 <x>-1</x>
		 <y>0</y>
		 <z>0</z>
	 </axis>
 </animation>
 <animation>
	 <type>rotate</type>
	 <object-name>arrow32</object-name>
	 <property>instrumentation/nav[1]/radials/selected-deg</property>
	 <axis>
		 <x>-1</x>
		 <y>0</y>
		 <z>0</z>
	 </axis>
 </animation>
 <animation>
	 <type>rotate</type>
	 <object-name>locindex2</object-name>
	 <property>orientation/heading-magnetic-deg</property>
	 <axis>
		 <x>1</x>
		 <y>0</y>
		 <z>0</z>
	 </axis>
 </animation>
 <animation>
	 <type>rotate</type>
	 <object-name>arrow12</object-name>
	 <property>orientation/heading-magnetic-deg</property>
	 <axis>
		 <x>1</x>
		 <y>0</y>
		 <z>0</z>
	 </axis>
 </animation>
 <animation>
	 <type>rotate</type>
	 <object-name>arrow22</object-name>
	 <property>orientation/heading-magnetic-deg</property>
	 <axis>
		 <x>1</x>
		 <y>0</y>
		 <z>0</z>
	 </axis>
 </animation>
 <animation>
	 <type>rotate</type>
	 <object-name>arrow32</object-name>
	 <property>orientation/heading-magnetic-deg</property>
	 <axis>
		 <x>1</x>
		 <y>0</y>
		 <z>0</z>
	 </axis>
 </animation>
 <animation>
	 <type>translate</type>
	 <object-name>arrow22</object-name>
	 <property>instrumentation/nav[1]/heading-needle-deflection</property>
	 <factor>0.003875</factor>
	 <axis>
		 <x>0</x>
		 <y>1</y>
		 <z>0</z>
	 </axis>
 </animation>
 
 <animation>
	 <type>translate</type>
	 <object-name>gsarrow2</object-name>
	 <property>instrumentation/nav[1]/gs-needle-deflection</property>
	 <factor>0.003372</factor>
	 <min-m>-0.03372</min-m>
	 <max-m>0.03372</max-m>
	 <axis>
		 <x>0</x>
		 <y>0</y>
		 <z>1</z>
	 </axis>
 </animation>
 
 <!-- +++++++++++++ DME ++++++++++++-->
 
 <animation>
  <type>textranslate</type>
  <object-name>dmel1</object-name>
  <property>instrumentation/dme[0]/indicated-distance-nm</property>
  <factor>1.00</factor>
  <step>0.1</step>
  <axis>
   <x>0</x>
   <y>1</y>
   <z>0</z>
  </axis>
 </animation>

 <animation>
  <type>textranslate</type>
  <object-name>dmel2</object-name>
  <property>instrumentation/dme[0]/indicated-distance-nm</property>
  <factor>0.10</factor>
  <step>1</step>
  <axis>
   <x>0</x>
   <y>1</y>
   <z>0</z>
  </axis>
 </animation>

 <animation>
  <type>textranslate</type>
  <object-name>dmel3</object-name>
  <property>instrumentation/dme[0]/indicated-distance-nm</property>
  <factor>0.01</factor>
  <step>10</step>
  <axis>
   <x>0</x>
   <y>1</y>
   <z>0</z>
  </axis>
 </animation>

 <animation>
  <type>textranslate</type>
  <object-name>dmel4</object-name>
  <property>instrumentation/dme[0]/indicated-distance-nm</property>
  <factor>0.001</factor>
  <step>100</step>
  <axis>
   <x>0</x>
   <y>1</y>
   <z>0</z>
  </axis>
 </animation>
 
 <!-- +++++++++++ NAV IDs ++++++++++-->
 <animation>
  <type>textranslate</type>
  <object-name>navidl1</object-name>
  <property>instrumentation/nav[0]/nav-id_asc1</property>
  <factor>0.03125</factor>
  <step>1</step>
  <offset>-1.0</offset>
  <axis>
   <x>0</x>
   <y>1</y>
   <z>0</z>
  </axis>
 </animation>

 <animation>
  <type>textranslate</type>
  <object-name>navidl2</object-name>
  <property>instrumentation/nav[0]/nav-id_asc2</property>
  <factor>0.03125</factor>
  <step>1</step>
  <offset>-1.0</offset>
  <axis>
   <x>0</x>
   <y>1</y>
   <z>0</z>
  </axis>
 </animation>

 <animation>
  <type>textranslate</type>
  <object-name>navidl3</object-name>
  <property>instrumentation/nav[0]/nav-id_asc3</property>
  <factor>0.03125</factor>
  <step>1</step>
  <offset>-1.0</offset>
  <axis>
   <x>0</x>
   <y>1</y>
   <z>0</z>
  </axis>
 </animation>

 <animation>
  <type>textranslate</type>
  <object-name>navidl4</object-name>
  <property>instrumentation/nav[0]/nav-id_asc4</property>
  <factor>0.03125</factor>
  <step>1</step>
  <offset>-1.0</offset>
  <axis>
   <x>0</x>
   <y>1</y>
   <z>0</z>
  </axis>
 </animation>

 <animation>
  <type>textranslate</type>
  <object-name>navidr1</object-name>
  <property>instrumentation/nav[1]/nav-id_asc1</property>
  <factor>0.03125</factor>
  <step>1</step>
  <offset>-1.0</offset>
  <axis>
   <x>0</x>
   <y>1</y>
   <z>0</z>
  </axis>
 </animation>

 <animation>
  <type>textranslate</type>
  <object-name>navidr2</object-name>
  <property>instrumentation/nav[1]/nav-id_asc2</property>
  <factor>0.03125</factor>
  <step>1</step>
  <offset>-1.0</offset>
  <axis>
   <x>0</x>
   <y>1</y>
   <z>0</z>
  </axis>
 </animation>

 <animation>
  <type>textranslate</type>
  <object-name>navidr3</object-name>
  <property>instrumentation/nav[1]/nav-id_asc3</property>
  <factor>0.03125</factor>
  <step>1</step>
  <offset>-1.0</offset>
  <axis>
   <x>0</x>
   <y>1</y>
   <z>0</z>
  </axis>
 </animation>

 <animation>
  <type>textranslate</type>
  <object-name>navidr4</object-name>
  <property>instrumentation/nav[1]/nav-id_asc4</property>
  <factor>0.03125</factor>
  <step>1</step>
  <offset>-1.0</offset>
  <axis>
   <x>0</x>
   <y>1</y>
   <z>0</z>
  </axis>
 </animation>

 <animation>
  <type>rotate</type>
  <object-name>rose</object-name>
  <property>orientation/heading-magnetic-deg</property>
  <center>
   <x>0.0</x>
   <y>0.0</y>
   <z>0.0</z>
  </center>
  <axis>
   <x>1</x>
   <y>0</y>
   <z></z>
  </axis>
 </animation>

 <animation>
  <type>textranslate</type>
  <object-name>hdg1</object-name>
  <property>orientation/heading-magnetic-deg</property>
  <factor>0.10</factor>
  <step>1</step>
  <axis>
   <x>0</x>
   <y>1</y>
   <z>0</z>
  </axis>
 </animation>

 <animation>
  <type>textranslate</type>
  <object-name>hdg2</object-name>
  <property>orientation/heading-magnetic-deg</property>
  <factor>0.01</factor>
  <step>10</step>
  <axis>
   <x>0</x>
   <y>1</y>
   <z>0</z>
  </axis>
 </animation>

 <animation>
  <type>textranslate</type>
  <object-name>hdg3</object-name>
  <property>orientation/heading-magnetic-deg</property>
  <factor>0.001</factor>
  <step>100</step>
  <axis>
   <x>0</x>
   <y>1</y>
   <z>0</z>
  </axis>
 </animation>

	<!-- lighting -->
	<animation>
		<object-name>Enav</object-name>
		<type>material</type>
		<emission>
			<factor-prop>controls/VDI/brightness</factor-prop>
			<red>0.0</red>
			<green>0.9</green>
			<blue>0.0</blue>
		</emission>
	</animation>


</PropertyList>
