<?xml version="1.0" encoding="UTF-8"?>

<PropertyList>

  <!-- nav lights -->
  <!-- green and red navigation lights, usually mounted on the wingtips -->
  <!-- note: default orientation is up -->
  <model>
    <name>GreenLight</name>
    <path>Aircraft/F-22/Models/lights/GreenLight.xml</path>
    <offsets>
        <x-m>4.128</x-m>
      <y-m>6.373</y-m>
      <z-m>-0.968</z-m>
      <roll-deg>-90</roll-deg>
      <pitch-deg>-5</pitch-deg> <!-- due to roll, this tunes heading - I want it to point 5 deg more forward -->
    </offsets>
  </model>

  <model>
    <name>RedLight</name>
    <path>Aircraft/F-22/Models/lights/RedLight.xml</path>
    <offsets>
      <x-m>4.128</x-m>
      <y-m>-6.373</y-m>
      <z-m>-0.968</z-m>
      <roll-deg>90</roll-deg>
      <pitch-deg>-5</pitch-deg> <!-- due to roll, this tunes heading - I want it to point 5 deg more forward -->
    </offsets>
  </model>
  
  <!-- beacon -->
  <!-- bright red flashing light -->
  <!-- note: default orientation is up -->

<!--  <model>
    <name>Beacon1</name>
    <path>Aircraft/F-22/Models/lights/Beacon.xml</path>
    <offsets>
      <x-m>0.735</x-m>
      <y-m> 0.000 </y-m> 
	    <z-m>0.738</z-m> 
      <pitch-deg>-180</pitch-deg>
    </offsets>
  </model> 

 <model>
    <name>Beacon2</name>
    <path>Aircraft/F-22/Models/lights/Beacon.xml</path>
    <offsets>
      <x-m>-1.301</x-m>
      <y-m>0.00</y-m>
      <z-m>-1.614</z-m>
      <pitch-deg>180</pitch-deg>
    </offsets>
  </model> -->
  
  <!-- landing lights -->
  <!-- a powerful front facing spotlight -->

  <model>
    <name>LandingLightCenter</name>
    <path>Aircraft/F-22/Models/lights/LandingLight.xml</path>
    <offsets>
      <x-m>-3.776</x-m>
      <y-m>0</y-m>
      <z-m>-1.708</z-m>
      <pitch-deg>-25</pitch-deg>
      <heading-deg>0</heading-deg>
    </offsets>
  </model>

<!-- <model>
    <name>LandingLightLeft</name>
    <path>Aircraft/F-22/Models/lights/LandingLight.xml</path>
    <offsets>
      <x-m>-3.603</x-m>
      <y-m>0.520</y-m>
      <z-m>-1.180</z-m>
      <pitch-deg>-20</pitch-deg>
      <heading-deg>-10</heading-deg>
    </offsets>
  </model> -->
  
<!-- <model>
    <name>LandingLightRight</name>
    <path>Aircraft/F-22/Models/Lights/LandingLight.xml</path>
    <offsets>
      <x-m>-6.146</x-m>
      <y-m>0.520</y-m>
      <z-m>-0.994</z-m>
      <pitch-deg>-5.0</pitch-deg>
      <heading-deg>18</heading-deg>
    </offsets>
  </model> -->


  <!-- taxi light -->
  <!-- a weaker front facing spotlight, often mounted on the front gear 
   <model>
    <name>TaxiLight</name>
    <path>Aircraft/F-22/Models/lights/TaxiLight.xml</path>
    <offsets>
      <x-m>-6.146</x-m>
      <y-m>-7.014</y-m>
      <z-m>-0.295</z-m>
      <pitch-deg>-5.0</pitch-deg>
    </offsets>
  </model> -->

 <!-- <model>
    <name>TaxiLight</name>
    <path>Aircraft/F-22/Models/lights/TaxiLight.xml</path>
    <offsets>
       <x-m>-2.834</x-m>
      <y-m>7.014</y-m>
      <z-m>-0.295</z-m>
      <pitch-deg>-5.0</pitch-deg>
    </offsets>
  </model> -->

  <!-- front gear turning: include TaxiLight in the list of animated objects in the rotate animation of the gear in the top-level model XML file -->
  <!-- retracted gear makes it dissapear - use only if mounted on front gear
   <animation>
    <type>select</type>
    <object-name>TaxiLight</object-name>
    <condition>
      <equals>
        <property>gear/gear[0]/position-norm</property>
        <value>1</value>
      </equals>
    </condition>
  </animation> -->
  
  <!-- probe light --> 
  <!-- this is best included in the probe model xml file, not here - just an example -->
  <!-- if you have an extendable/optional fuel probe, including this in its own model file makes sure the light moves/disappears together with the probe -->
  <!-- in case of extendable probe, you might want to add a select animation (to turn off the light when not fully extended), similar as for the taxi light on the front gear -->
  <!--><model>
    <path>Aircraft/F-22/Models/lights//ProbeLight.xml</path>
    <offsets>
      <x-m>-4.4867</x-m>
      <y-m>0.4922</y-m>
      <z-m>-0.4929</z-m>
    </offsets>
  </model><-->
  
  <!-- strobes -->
  <!-- a bright briefly flashing white light -->
  <!-- note: default orientation is up -->

<model>
    <name>Strobe1</name>
    <path>Aircraft/F-22/Models/lights/Strobe.xml</path>
    <offsets>
      <x-m>4.128</x-m>
      <y-m>-6.373</y-m>
      <z-m>-0.968</z-m>
      <roll-deg>-90</roll-deg>
      <pitch-deg>-3</pitch-deg> 
    </offsets>
  </model>

  <model>
    <name>Strobe2</name>
    <path>Aircraft/F-22/Models/lights/Strobe.xml</path>
    <offsets>
      <x-m>4.128</x-m>
      <y-m>6.373</y-m>
      <z-m>-0.968</z-m>
      <roll-deg>90</roll-deg>
      <pitch-deg>-3</pitch-deg> 
    </offsets>
  </model>
 
  <!-- white light -->
  <!-- a white stable light, usually used as a visibility feature on the tail -->
  <!-- note: default orientation is up-->
<!-- <model>
    <name>WhiteLight</name>
    <path>Aircraft/F-22/Models/lights/WhiteLight.xml</path>
    <offsets>
      <x-m>6.528</x-m>
      <y-m>0.0</y-m>
      <z-m>2.805</z-m>
      <pitch-deg>93</pitch-deg>
    </offsets>
  </model>  -->

</PropertyList>
