<?xml version="1.0" encoding="UTF-8"?>

<PropertyList>

  <model>
    <name>ProbeLightFlash</name>
    <path>Flares/ProbeLight-flash.xml</path>
  </model>

  <model>
    <name>ProbeLightRemb</name>
    <path>Rembrandt/ProbeLight-remb.xml</path>
  </model>
  
   <!-- COMPOSITOR REPLACEMENT CODE -->
  <light>
  <name>ProbeLightComp</name>
  <type>spot</type>
 <position>
      <x>0.0</x>
      <y>0.0</y>
      <z>0.0</z>
    </position>
    <direction>
      <x>-1.0</x>
      <y>0.0</y>
      <z>0.0</z>
    </direction>
    <ambient>
      <r>0.03</r>
      <g>0.03</g>
      <b>0.03</b>
      <a>1.0</a>
    </ambient>
    <diffuse>
      <r>0.80</r>
      <g>0.80</g>
      <b>0.70</b>
      <a>1.0</a>
    </diffuse>
    <specular>
      <r>1.00</r>
      <g>0.75</g>
      <b>0.75</b>
      <a>1.0</a>
    </specular>
    <dim-factor>
      <expression>
        <product>
          <value>-1</value>
          <sum>
            <product>
              <max>
                <pow>
                  <cos><property>/sim/time/sun-angle-rad</property></cos>
                  <value>0.3</value>
                </pow>
                <value>0</value>
              </max>
              <value>1.0</value>
            </product>
            <value>-1</value>
          </sum>
          <property>lightpack/probe-light-intensity</property>
        </product>
      </expression>
    </dim-factor>
    <attenuation>
      <c>0.1</c>
      <l>0.002</l>
      <q>0.008</q>
    </attenuation>
  <spot-exponent>5</spot-exponent>
  <spot-cutoff>70</spot-cutoff>
  <range-m>130</range-m>
  
</light>
  
  
  
  
  
  
  <animation>
    <type>select</type>
    <object-name>ProbeLightFlash</object-name>
    <object-name>ProbeLightRemb</object-name>
	<object-name>ProbeLightComp</object-name>
    <condition>
      <and>
        <property>lightpack/probe-light-intensity</property>
        <not><property>sim/crashed</property></not>
      </and>
    </condition>
  </animation>

</PropertyList>
