<?xml version="1.0" encoding="UTF-8"?>

<PropertyList>



<!-- Countermeasures -->

  <submodel>
    <name>flares</name>
    <model>Aircraft/F-22/Models/Stores/Countermeasures/flare.xml</model>
    <trigger>ai/submodels/submodel/flare-release</trigger>
    <speed>10</speed>
    <repeat>true</repeat>
    <delay>0.2</delay>
    <count>50</count>
    <x-offset>-0</x-offset>
    <y-offset>2.8</y-offset>
    <z-offset>-5</z-offset>
    <yaw-offset>150.0</yaw-offset>
	<pitch-offset>-70</pitch-offset> 
    <life>5</life>
    <buoyancy>8</buoyancy>
    <eda>1.0</eda>
  </submodel>
  
 <submodel>
    <name>flares</name>
    <model>Aircraft/F-22/Models/Stores/Countermeasures/flare.xml</model>
    <trigger>ai/submodels/submodel/flare-release</trigger>
    <speed>10</speed>
    <repeat>true</repeat>
    <delay>0.2</delay>
    <count>50</count>
    <x-offset>-0</x-offset>
    <y-offset>-2.8</y-offset>
    <z-offset>-5</z-offset>
    <yaw-offset>210</yaw-offset>
	<pitch-offset>-70</pitch-offset> 
    <life>5</life>
    <buoyancy>8</buoyancy>
    <eda>1.0</eda>
  </submodel>
  
  
 

</PropertyList>
