<?xml version="1.0"?>
	
<PropertyList>

	<sim>

		<description>F-22 Raptor ( yasim )</description>
		
		<author>Fabrizio Fracaroli, StuartC and Petar Jedvaj</author>
		
		<status>Alpha v0.8a</status>
		
		<rating>
			<FDM type="int">3</FDM>
			<systems type="int">3</systems>
			<cockpit type="int">3</cockpit>
			<model type="int">3</model>
		</rating>
	
		<flight-model>yasim</flight-model>
		
		<aero>f22-yasim</aero>
		
		<fuel-fraction>1</fuel-fraction>
		
		<startup>
			<splash-texture>Aircraft/F-22/Splash.png</splash-texture>
		</startup>
	
		<model>
			<path>Aircraft/F-22/Models/F-22-Raptor.xml</path>
		</model>
		
		<submodels> 
    		<serviceable type="bool">true</serviceable>
    		<path>Aircraft/F-22/Submodels.xml</path>
			 <path>Aircraft/F-22/Models/loads/loads.xml</path>
           
			 
  		</submodels>
				
		<systems>
			<electrical>
				<path>Aircraft/F-22/System/Electrical.xml</path>
			</electrical>
			<autopilot>
			   <path>Aircraft/F-22/System/Autopilot.xml</path>
			</autopilot>
		</systems>
	
	    <mp-systems>
					<radar-enabled type="bool">true</radar-enabled>
					<ecm-rwr-enabled type="bool">true</ecm-rwr-enabled>
					<combat-enabled type="bool">true</combat-enabled>
		</mp-systems>
	
		<sound>
			<path>Aircraft/F-22/Sounds/Sound.xml</path>
		</sound>
		
		<multiplay>
			<chat_display>1</chat_display>
			<generic>
				<int type="int">0</int>
					<int type="int">0</int>
						<int type="int">0</int>
							<int type="int">0</int>
								<int type="int">0</int>
							<int type="int">0</int>
						<int type="bool">0</int>
					<int type="int">0</int>
			</generic>
		</multiplay>
		
		<menubar>
			<default>
				<menu n="100">
					<label>F-22 Raptor</label>
					<enabled type="bool">true</enabled>
					<item>
						<label>Select Livery</label>
						<binding>
							<command>nasal</command>
							<script>aircraft.livery.dialog.toggle()</script>
						</binding>
					</item>
				</menu>
			</default>
		</menubar>
		
		<help>
			<title>F-22 Raptor</title>
			
			<key>
				<name>c</name>
				<desc>Toggle canopy</desc>
			</key>
			
			<key>
				<name>O/o</name>
				<desc>Toggle Toggle emergancy arrestor hook</desc>
			</key>
			
			<key>
				<name>}</name>
				<desc>Start/Stop engines</desc>
			</key>
			
			<key>
				<name>e</name>
				<desc>Fire gun</desc>
			</key>
			
			<key>
				<name>Ctrl+d</name>
				<desc>Toggle weapons doors</desc>
			</key>
			
			<key>
				<name>l</name>
				<desc>Launch flares</desc>
			</key>
			<key>
        <name>T</name>
        <desc>Toggle RWR</desc>
      </key>
      <key>
        <name>t</name>
        <desc>Change Radar Distances (10, 20 50,100,120)</desc>
      </key>
      <key>
        <name>R</name>
        <desc>Activate/desactivate targeting the nearest (the target have to be bellow radar range)</desc>
      </key>
      <key>
        <name>H</name>
        <desc>Toggle Armements Circles</desc>
      </key>
	   <key>
        <name>n</name>
        <desc>Next Target</desc>
      </key>
      <key>
        <name>Ctrl-n</name>
        <desc>Previous Target</desc>
      </key>  
			
			<line>Take off:</line>
			<line>Release the park brake and set the throttle  around 20 percent RPM and raise flaps one time</line>
			<line>Rotate at around 20 knots and align with the runway, and then full throttle</line>	
			<line>rotate at  around 130 knots and  pull back the stick </line>
			<line>keep a reasonable pitch</line>
			<line>Be carefull with the afterburner, because the vectors will lift the F22's nose very much</line>
			<line>The vectors are controled by the yoke</line>
			<line>Landing:</line>
			<line>Reduce speed around 180 knots and set full flaps landing gear down</line>
			<line>AOA minus 10 degrees</line>
			<line>Final approach speed 140 knots</line>
			<line>Touch at 120 knots AOA  +10 degrees </line>
			<line>Press "b" to brake.</line>
			<line> </line>
			<line>FUEL CONSUMPTON DATA</line>
			<line>The F-22 is currently optimised for cuising at 45000ft.</line>
			<line>Each set of figures was obtained  from full tanks to dry on a clean configuration</line>
			<line>MAXIMUM AFTERBURNER - Fuel duration - 2 min 50 seconds</line>
			<line>Max Supercruise, 45000ft at 425kt IAS ( Mach 1.4 - 1.5 )- Fuel duration 37 min.</line>
			<line>High sub sonic cruise, 45000ft at 265kt IAS ( Mach 0.9 ) - Fuel Duration 3hrs 50 min ESTIMATED.</line>
			<line>It is advised you make use of in flight  refueling with tankers</line>
		</help>
	
		<hud>
		   <path n="1">Aircraft/F-22/HUD/hud.xml</path>
		   <visibility n="1">true</visibility>
		   <palette>
			<color n="0">
			 <alpha type="float">0.85</alpha>
			 <antialiased type="bool">true</antialiased>
			 <brightness type="float">0.85</brightness>
			 <transparent type="bool">true</transparent>
			 <red type="float">0.38</red>
			 <green type="float">1.0</green>
			 <blue type="float">0.22</blue>
			</color>
			<color n="1">
			 <alpha type="float">0.85</alpha>
			 <antialiased type="bool">true</antialiased>
			 <brightness type="float">0.85</brightness>
			 <transparent type="bool">true</transparent>
			 <red type="float">1.0</red>
			 <green type="float">0.2</green>
			 <blue type="float">0.0</blue>
			</color>
		   </palette>
		     <clipping>
    <left type="double">-100</left>
    <right type="double">85</right>
    <top type="double">45</top>
    <bottom type="double">-165</bottom>
     </clipping>
		  </hud>
		
		<instrumentation>
				<path>Aircraft/F-22/Systems/Instrumentation.xml</path>
		<!--	<path>Aircraft/F-22/Systems/radar.xml</path>   -->
		
				<fuel-gauges>
					<total type="double">100</total>
				</fuel-gauges>
		
				<g-meter>
					<g-max archive="y" type="double">1</g-max>
					<g-min archive="y" type="double">1</g-min>
				</g-meter>
				
				<radar-altimeter>
					<limit-bug type="double">250</limit-bug>
				</radar-altimeter>
		
				<aoa-indexer>
					<!-- target = 11.3 deg AoA -->
					<too-slow-deg>13.7</too-slow-deg>	<!-- target +2.4 deg -->
					<slow-deg>12.1</slow-deg>			<!-- target +0.8 deg -->
					<target-deg>11.3</target-deg>		<!-- target -->
					<fast-deg>10.5</fast-deg>			<!-- target -0.8 deg -->
					<too-fast-deg>8.9</too-fast-deg>	<!-- target -2.4 deg -->
				</aoa-indexer>
		
				<warnings>
					<master-caution type="bool">0</master-caution>
				</warnings>
		</instrumentation>

		<rendering>
			<redout>
				<parameters>
					<blackout-complete-g>9.1</blackout-complete-g>
					<blackout-onset-g>7.5</blackout-onset-g>
				</parameters>
			</redout>
		</rendering>
	
		<view n="0">
		<name>Cockpit View</name>
		<type>lookfrom</type>
		<internal archive="y">true</internal>
		<config>
			<pitch-offset-deg>-4.0</pitch-offset-deg>
			<x-offset-m archive="y">0</x-offset-m><!--  direita/esquerda/de z para x   -->
			<y-offset-m archive="y">0.3</y-offset-m><!-- cima/baixo/de y para y   -->
			<z-offset-m archive="y">-5.1</z-offset-m><!--  frente/atraz/de x para z  -->
			<default-field-of-view-deg>75.3</default-field-of-view-deg>
		</config>
		</view>
		
		<view n="100">
	   <name>Pilot cam</name>
        <internal archive="y">false</internal>
        <config>
		 <from-model type="bool">true</from-model>
      <from-model-idx type="int">0</from-model-idx>
          <x-offset-m archive="y">0.00</x-offset-m>
          <y-offset-m archive="y">0.35</y-offset-m>
          <z-offset-m archive="y">-5.5</z-offset-m>
          <pitch-offset-deg>0</pitch-offset-deg>
		  <heading-offset-deg>180</heading-offset-deg>
          <default-field-of-view-deg>95</default-field-of-view-deg>
        </config>
      </view>
		
		
		<view n="1">
			<config>
				<target-z-offset-m archive="y" type="double">0</target-z-offset-m>
				<pitch-offset-deg>0</pitch-offset-deg>
			</config>
		</view>
	
		<view n="2">
			<config>
				<y-offset-m archive="y" type="double">6.0</y-offset-m>
				<z-offset-m archive="y">-19.7</z-offset-m>
				<target-z-offset-m archive="y" type="double">0.0</target-z-offset-m>
			</config>
		</view>
	
		<view n="3">
			<config>
				<target-z-offset-m archive="y" type="double">0.0</target-z-offset-m>
			</config>
		</view>
	
		<view n="4">
			<config>
				<target-z-offset-m archive="y" type="double">0.0</target-z-offset-m>
			</config>
		</view>
	
		<view n="5">
			<config>
				<target-z-offset-m archive="y" type="double">0.0</target-z-offset-m>
			</config>
		</view>
	
		<view n="6">
			<config>
				<target-z-offset-m archive="y" type="double">0.0</target-z-offset-m>
			</config>
		</view>
		
	<!-- payload options -->

<weight n="0">
<name>pylon1.L</name>
<tank>4</tank>
<weight-lb>0</weight-lb>
<selected>EMPTY</selected>
<opt>
<name>EMPTY</name>
<lbs>0</lbs>
</opt> 
<opt>
<name>600gal-tank</name>
<lbs>271.0</lbs>
<gals>600</gals>
</opt>
</weight>


<weight n="1">
<name>pylon2.L</name>
<weight-lb>0</weight-lb>
<selected>EMPTY</selected>
<opt>
<name>EMPTY</name>
<lbs>0</lbs>
</opt> 
<opt>
<name>AIM-9 Sidewinder</name>
<lbs>190.0</lbs>
</opt>
</weight>	

<weight n="2">
<name>pylon3.L</name>
<weight-lb>0</weight-lb>
<selected>EMPTY</selected>
<opt>
<name>EMPTY</name>
<lbs>0</lbs>
</opt> 
<opt>
<name>AIM-9 Sidewinder</name>
<lbs>190.0</lbs>
</opt>
</weight>	


<weight n="3">
<name>L-side-bay</name>
<weight-lb>0</weight-lb>
<selected>EMPTY</selected>
<opt>
<name>EMPTY</name>
<lbs>0</lbs>
</opt> 
<opt>
<name>AIM-9 Sidewinder</name>
<lbs>190.0</lbs>
</opt>
</weight>

<weight n="4">
<name>L-lower-bay</name>
<weight-lb>0</weight-lb>
<selected>EMPTY</selected>
<opt>
<name>EMPTY</name>
<lbs>0</lbs>
</opt> 
<opt>
<name>3x AIM-120</name>
<lbs>1005.0</lbs>
</opt>

<opt>
<name>1x AIM-120, 1x MK-82</name>
<lbs>835.0</lbs>
</opt>

</weight>

<weight n="5">
<name>R-lower-bay</name>
<weight-lb>0</weight-lb>
<selected>EMPTY</selected>
<opt>
<name>EMPTY</name>
<lbs>0</lbs>
</opt> 
<opt>
<name>3x AIM-120</name>
<lbs>1005.0</lbs>
</opt>

<opt>
<name>1x AIM-120, 1x MK-82</name>
<lbs>835.0</lbs>
</opt>
</weight>	

<weight n="6">
<name>r-side-bay</name>
<weight-lb>0</weight-lb>
<selected>EMPTY</selected>
<opt>
<name>EMPTY</name>
<lbs>0</lbs>
</opt> 
<opt>
<name>AIM-9 Sidewinder</name>
<lbs>190.0</lbs>
</opt>
</weight>

<weight n="7">
<name>pylon3.R</name>
<weight-lb>0</weight-lb>
<selected>EMPTY</selected>
<opt>
<name>EMPTY</name>
<lbs>0</lbs>
</opt> 
<opt>
<name>AIM-9 Sidewinder</name>
<lbs>190.0</lbs>
</opt>
</weight>

<weight n="8">
<name>pylon2.R</name>
<weight-lb>0</weight-lb>
<selected>EMPTY</selected>
<opt>
<name>EMPTY</name>
<lbs>0</lbs>
</opt> 
<opt>
<name>AIM-9 Sidewinder</name>
<lbs>190.0</lbs>
</opt>
</weight>	

<weight n="9">
<name>pylon1.R</name>
<tank>5</tank>
<weight-lb>0</weight-lb>
<selected>EMPTY</selected>
<opt>
<name>EMPTY</name>
<lbs>0</lbs>
</opt> 
<opt>
<name>600gal-tank</name>
<lbs>271.0</lbs>
<gals>600</gals>
</opt>
</weight>		

	</sim>

	<systems>
		<autopilot>
			<path>Aircraft/F-22/System/autopilot5.xml</path>
		</autopilot>
		
		<refuel>
  <type>boom</type>
  <serviceable type="bool">true</serviceable>
 </refuel>
	</systems>

	<consumables>
		<fuel>
			<tank n="0">
				<name>FWD fuselage</name>
				<kill-when-empty type="bool">false</kill-when-empty>
			</tank>
			<tank n="1">
				<name>AFT fuselage</name>
				<kill-when-empty type="bool">false</kill-when-empty>
			</tank>

			<tank n="2">
				<name>L wing</name>
				<kill-when-empty type="bool">false</kill-when-empty>
			</tank>
			<tank n="3">
				<name>R wing</name>
				<kill-when-empty type="bool">false</kill-when-empty>
			</tank>
			<tank n="4">
        <name>Left-tank</name>
        <selected type="bool">false</selected>
      </tank>
      <tank n="5">
        <name>Right-Tank</name>
        <selected type="bool">false</selected>
      </tank>
			
			</fuel>
	</consumables>
	
	
	<ai>
    <closest>
      <callsign type="string">   0 </callsign>
      <range type="double">     -2 </range>
      <heading type="int">       0 </heading>
      <bearing type="int">       0 </bearing>
      <altitude type="int">      0 </altitude>
      <speed type="int">         0 </speed>
      <longitude type="double">  0 </longitude>
      <latitude type="double">   0 </latitude>
    </closest>
	<scenario>
	   <path>Aircraft/F-22/AI/EGOD_arrestor_cables.xml</path>
	  </scenario>
  </ai>
  
  

	<controls>
	 <armament>
      <station n="0">
        <release type="bool">false</release>
      </station>
      <station n="1">
        <release type="bool">false</release>
      </station>
      <station n="2">
        <release type="bool">false</release>
      </station>
      <station n="3">
        <release type="bool">false</release>
      </station>
      <station n="4">
        <release type="bool">false</release>
      </station>
      <station n="5">
        <release type="bool">false</release>
      </station>
      <station n="6">
        <release type="bool">false</release>
      </station>
    <station n="7">
        <release type="bool">false</release>
      </station>
    <station n="8">
        <release type="bool">false</release>
      </station>
    <station n="9">
        <release type="bool">false</release>
      </station>
   
    
    </armament>
	
		<lighting>
			<instruments-norm type="double">0</instruments-norm>
			<panel-norm type="double">0</panel-norm>
			<strobe type="bool">false</strobe>
			<nav-lights type="bool">true</nav-lights>
		</lighting>

		<gear>
			<!-- Start with the Parking Brake on -->
			<brake-parking type="double">1.0</brake-parking>
		</gear>
	</controls>

	<engines>
		<engine n="0">
			<running>true</running>
		</engine>
		<engine n="1">
			<running>true</running>
		</engine>
	</engines>
	
	<canopy>
		<canopy-pos-norm type="float">1.0</canopy-pos-norm>
	</canopy>
	
	<environment>
    <turbulence>
      <use-cloud-turbulence>true</use-cloud-turbulence>
    </turbulence>
  </environment>

	<input>
		 <keyboard>
	
			<key n="4">
				<name>Ctrl-d</name>
				<desc>Open/close baydoors</desc>
				<binding>
					<command>nasal</command>
					<script>baydoors.baydoors_switch(2)</script>
				</binding>
			</key>
			
			<key n="99">
				<name>c</name>
				<desc>Open/close canopy</desc>
				<binding>
					<command>nasal</command>
					<script>f22.canopy_switch(2)</script>
				</binding>
			</key>
			
			<key n="101">
				<name>e</name>
				<desc>Gun</desc> 
				<binding>
					<command>property-assign</command>
					<property>controls/armament/trigger</property>
					<value>true</value>
				</binding>
				<mod-up>
					<binding>
						<command>property-assign</command>
						<property>controls/armament/trigger</property>
						<value>false</value>
					</binding> 
				</mod-up>
			</key>
			
			 <key n="108">
	 <name>l</name>
     <desc>Trigger flare release</desc>
     <binding>
      <command>property-toggle</command>
      <property>ai/submodels/submodel/flare-release</property>
      <value type="bool">true</value>
     </binding>
     <mod-up>
      <binding>
       <command>property-assign</command>
      <property>ai/submodels/submodel/flare-release</property>
       <value type="bool">false</value>
      </binding>
     </mod-up>
    </key>
	
	<key n="125">
     <name>}</name>
     <desc>Engine Autostart</desc>
	<binding>
		<command>nasal</command>
		 <script>emu.autostart();</script>
		
	</binding>
  </key>
   <key n="72">
    <name>H</name>
    <desc>Active Target Seeking</desc>
    <binding>
       <command>nasal</command>
       <script>hud.activate_borsight()</script>
    </binding>
  </key>
  
  <key n="84">
    <name>t</name>
    <desc>Active ECM</desc>
    <binding>
       <command>nasal</command>
       <script>hud.activate_ECM()</script>
    </binding>
  </key>
  
  <key n="82">
    <name>R</name>
    <desc>Active Telemeter</desc>
    <binding>
       <command>nasal</command>
       <script>hud.activate_Telemeter()</script>
    </binding>
  </key>
  
  <key n="116">
    <name>t</name>
    <desc>Ajusting Radar Distance</desc>
    <binding>
       <command>nasal</command>
       <script>hud.switch_distance()</script>
    </binding>
  </key>
  
   <key n="81">
    <name>q</name>
    <desc>Toggle radar standby mode</desc>
    <binding>
      <command>property-toggle</command>
      <property>instrumentation/radar/display-rdr</property>
    </binding>
  </key>
  
  
  <key n="110">
    <name>n</name>
    <desc>Changes Target</desc>
    <binding>
      <command>nasal</command>
      <script>hud.next_Target_Index()</script>
    </binding>
  </key>
  
  <key n="14">
    <name>Ctrl-n</name>
    <desc>Changes Target</desc>
    <binding>
      <command>nasal</command>
      <script>hud.previous_Target_Index()</script>
    </binding>
  </key>
  
  <key n="79">
   <name>O</name>
   <desc>Hook down.</desc>
   <binding>
     <command>property-assign</command>
     <property>controls/gear/tailhook</property>
     <value type="double">1.0</value>
   </binding>
 </key>

 <key n="111">
   <name>o</name>
   <desc>Hook Up.</desc>
   <binding>
     <command>property-assign</command>
     <property>controls/gear/tailhook</property>
     <value type="double">0.0</value>
   </binding>
 </key>
	
		 </keyboard>
	 </input>

	<instrumentation>
		<tacan>
			<switch-position type="int">1</switch-position>
		</tacan>
		<nav>
			<frequencies>
				<selected-freq type="double">115.8</selected-freq>
				<standby-freq type="double">115.8</standby-freq>
			</frequencies>
		</nav>
		
		

 
 
 
		 <rwr>
      <display-lighting-intens type="double">0.4</display-lighting-intens>
      <symbology-lighting-intens type="double">1</symbology-lighting-intens>
    </rwr>

		<enav><selected type="int">3</selected></enav>
		  <radar>
      <range type="int" archive="y">40</range>
      <range-factor type="double" archive="n">0.001888</range-factor>
      <minimized type="bool" archive="y">false</minimized>
      <selected type="int">3</selected>
      <!-- inicio en pruebas -->
      <enabled type="bool">true</enabled>
      <az-field type="double">140</az-field>
      <range type="double">150</range>
      <range-selected type="double">40</range-selected>
      <radar2-range type="double">150</radar2-range>
      <display-rdr type="bool">true</display-rdr>
      <radar-standby type="int">0</radar-standby>
      <mode>
        <rws type="bool">true</rws>
        <tws-auto type="bool">false</tws-auto>
      </mode>
    </radar> 

    <terrain-radar>
      <hi-elev>
        <alt-ft type="double">-9999.9</alt-ft>
        <lat-deg type="double">-9999.9</lat-deg>
        <lon-deg type="double">-9999.9</lon-deg>
        <dist-m type="double">-9999.9</dist-m>
        <collision-status type="string">initialised</collision-status>
      </hi-elev>
      <settings>
        <mode type="string">extend</mode>
        <state type="string">off</state>
        <range-m type="double">2500</range-m>
        <step-m type="double">250</step-m>
        <max-climb-rate-fps type="double">120</max-climb-rate-fps>
        <hi-elev-markers type="bool">false</hi-elev-markers>
      </settings>
    </terrain-radar>
  <efis>

			<ecam>
					<display-mode type="string">FUEL</display-mode>
			</ecam>
			<nd>
					<display-mode type="string">VOR</display-mode>
					<display-mode-knob type="int">2</display-mode-knob>
					<display-range type="int">20</display-range>
				
			</nd>
			<input>
				<vor-adf-1 type="int">1</vor-adf-1>
				<vor-adf-2 type="int">1</vor-adf-2>
				<CSTR type="bool">1</CSTR>
				<WPT type="bool">1</WPT>
				<VORD type="bool">1</VORD>
				<NDB type="bool">1</NDB>
				<ARPT type="bool">1</ARPT>
				<WX type="bool">1</WX>
				<TERR type="bool">1</TERR>
				<TRAF type="bool">1</TRAF>
				<taxi type="bool">1</taxi>
			</input>

		
		</efis>
		
	</instrumentation>

	<nasal>
		<f22>
			<file>Aircraft/F-22/Nasal/Liveries.nas</file>
			<file>Aircraft/F-22/Nasal/hud.nas</file>
			<file>Aircraft/F-22/Nasal/f22.nas</file>
			<file>Aircraft/F-22/Nasal/light.nas</file>
                        <file>Aircraft/F-22/Nasal/Lights.nas</file> 
			<file>Aircraft/F-22/Nasal/doors.nas</file>
		</f22>
		<baydoors>
 			<file>Aircraft/F-22/Nasal/baydoors.nas</file>
 		</baydoors>
		<low>
            <file>Aircraft/F-22/Nasal/low.nas</file>

        </low>
		
		 <hud>
      <file>Aircraft/F-22/Nasal/MiscRwr.nas</file>
    </hud>
	
	<terrain-map>
 
<file>Aircraft/F-22/Nasal/terrain-map.nas</file>
 
</terrain-map>
	
		<aar> 
            <file>Aircraft/Generic/aar.nas</file>
        </aar>
        <rwr>
            <file>Aircraft/F-22/Nasal/rwr.nas</file>
        </rwr> 
        <radardist>
            <file>Aircraft/Instruments-3d/radardist/radardist.nas</file>
        </radardist>
		<radar>
            <file>Aircraft/F-22/Nasal/radar.nas</file> 
        </radar>
        <radar2>
            <file>Aircraft/F-22/Nasal/radar2.nas</file>
        </radar2>
		
		<engines>
   <file>Aircraft/F-22/Nasal/generic-yasim-engine.nas</file>
  </engines>
  
  <emu>
   <file>Aircraft/F-22/Nasal/emu.nas</file>
  </emu>
  <enav>
<file>Aircraft/F-22/Nasal/enav.nas</file>
</enav>
<fuel>
   <file>Aircraft/F-22/Nasal/fuel.nas</file>
  </fuel>
	</nasal>

</PropertyList>