<?xml version="1.0"?>

<PropertyList>
 
 <submodel>
    <name>Tracer</name> 
    <model>Aircraft/F-22/Models/Effects/Tracer.xml</model>
    <trigger>controls/armament/trigger</trigger>
    <speed>2500</speed>
    <repeat>true</repeat>
    <delay>0.15</delay>
    <count>-1</count>
    <x-offset> 21.0 </x-offset>
    <y-offset> 1.50 </y-offset>
    <z-offset> 0.53 </z-offset>
    <pitch-offset> 0.5 </pitch-offset>
    <life>10.0</life>
    <wind>false</wind>
    <weight>0.1069</weight>
    <cd>0.193</cd>
    <eda>0.00136354</eda> 
   </submodel>

   <submodel>
    <name>Round</name>
    <model>Aircraft/F-22/Models/Effects/Null.ac</model>
    <trigger>controls/armament/trigger</trigger>
    <speed>2041</speed>
    <repeat>true</repeat>
    <delay>0.1</delay>
    <count>-1</count>
    <x-offset> 21.0</x-offset>
    <y-offset> 1.50 </y-offset>
    <z-offset> 0.53 </z-offset>
    <pitch-offset> 0.5 </pitch-offset>
    <life>10.0</life>
    <wind>false</wind>
    <weight>0.1069</weight>
    <cd>0.193</cd>
    <eda>0.00136354</eda> 
    <collision>true</collision>
    <collision-report>sim/ai/aircraft/collision/bullet</collision-report>
    <impact>true</impact>
    <impact-report>sim/ai/aircraft/impact/bullet</impact-report>
    <submodel-path>Aircraft/F-22/Models/Effects/Submodels.xml</submodel-path>
  </submodel>
  
  <submodel> 
    <name>smoke</name>
    <model>Aircraft/F-22/Models/Effects/Smoke.xml</model>
    <trigger>controls/armament/trigger</trigger>
    <speed>10</speed>
    <repeat>true</repeat>
    <delay>0.1</delay>
    <count>-1</count>
    <x-offset>-2.50 </x-offset>
    <y-offset> 1.50 </y-offset>
    <z-offset> 0.53</z-offset>
    <pitch-offset> 0 </pitch-offset>
    <yaw-offset> 0.0 </yaw-offset>
    <pitch-offset> 0 </pitch-offset>
    <eda>10</eda>
    <wind>true</wind>
    <buoyancy>33</buoyancy>
    <life>1</life>
  </submodel>
  
  
  <!-- Countermeasures -->

  <submodel>
    <name>flares</name>
    <model>Aircraft/F-22/Models/Stores/Countermeasures/flare.xml</model>
    <trigger>ai/submodels/submodel/flare-release</trigger>
    <speed>10</speed>
    <repeat>true</repeat>
    <delay>0.2</delay>
    <count>50</count>
    <x-offset>-0</x-offset>
    <y-offset>2.8</y-offset>
    <z-offset>-5</z-offset>
    <yaw-offset>150.0</yaw-offset>
	<pitch-offset>-70</pitch-offset> 
    <life>5</life>
    <buoyancy>8</buoyancy>
    <eda>1.0</eda>
  </submodel>
  
 <submodel>
    <name>flares</name>
    <model>Aircraft/F-22/Models/Stores/Countermeasures/flare.xml</model>
    <trigger>ai/submodels/submodel/flare-release</trigger>
    <speed>10</speed>
    <repeat>true</repeat>
    <delay>0.2</delay>
    <count>50</count>
    <x-offset>-0</x-offset>
    <y-offset>-2.8</y-offset>
    <z-offset>-5</z-offset>
    <yaw-offset>210</yaw-offset>
	<pitch-offset>-70</pitch-offset> 
    <life>5</life>
    <buoyancy>8</buoyancy>
    <eda>1.0</eda>
  </submodel>

</PropertyList>