<?xml version="1.0"?>

<PropertyList>



    <enable3d>true</enable3d>
    
   

    <ladder>
        <name>Pitch Ladder</name>
        <type>pitch</type>
        <x>-35</x>
        <y>-50</y>
        <width>60</width>
        <height>20</height>
        <roll-input>
            <property>/orientation/roll-deg</property>
        </roll-input>
        <pitch-input>
            <property>/orientation/pitch-deg</property>
        </pitch-input>
        <compression-factor>7.8</compression-factor>
        <display-span>10.0</display-span>
        <divisions>5.0</divisions>
        <screen-hole>10</screen-hole>
        <zero-bar-overlength>30</zero-bar-overlength>
        <enable-dive-bar-angle>true</enable-dive-bar-angle>
        <enable-dynamic-origin>false</enable-dynamic-origin>
        <enable-fuselage-ref-line>true</enable-fuselage-ref-line>
        <enable-target-spot>true</enable-target-spot>
		<enable-target-markers>true</enable-target-markers>
        <enable-velocity-vector>true</enable-velocity-vector>
        <enable-drift-marker>true</enable-drift-marker>
        <enable-alpha-bracket>true</enable-alpha-bracket>
        <enable-energy-marker>true</enable-energy-marker>
        <enable-climb-dive-marker>true</enable-climb-dive-marker>
        <enable-glide-slope-marker>false</enable-glide-slope-marker>
        <glide-slope>0.0</glide-slope>
        <enable-energy-worm>true</enable-energy-worm>
        <enable-waypoint-marker>false</enable-waypoint-marker>
    </ladder>

    <tape>
        <name>Altitude-MSL</name>
        <x>37</x>
        <y>-70</y>
        <width>10</width>
        <height>50</height>
        <input>
            <property>/position/altitude-ft</property>
            <factor>0.001</factor>
            <max>100</max>
            <min>-100</min>
        </input>
        <major-divisions>1</major-divisions>
        <minor-divisions>0.1</minor-divisions>
        <display-span>2.0</display-span>
        <option>right</option>
        <option>vertical</option>
        <tick-bottom>false</tick-bottom>
        <tick-top>false</tick-top>
        <tick-right>false</tick-right>
        <tick-left>false</tick-left>
        <cap-bottom>false</cap-bottom>
        <cap-top>false</cap-top>
        <cap-right>false</cap-right>
        <cap-left>false</cap-left>
        <marker-offset>5</marker-offset>
        <enable-pointer>true</enable-pointer>
        <pointer-type>fixed</pointer-type>
    </tape>

    <tape>
        <name>KIAS</name>
        <x>-50</x>
        <y>-70</y>
        <width>10</width>
        <height>50</height>
        <input>
            <property>/velocities/airspeed-kt</property>
            <factor>0.1</factor>
            <max>85</max>
            <min>0</min>
        </input>
        <major-divisions>1</major-divisions>
        <minor-divisions>0.1</minor-divisions>
        <display-span>2.0</display-span>
        <option>left</option>
        <option>vertical</option>
        <tick-bottom>false</tick-bottom>
        <tick-top>false</tick-top>
        <tick-right>false</tick-right>
        <tick-left>false</tick-left>
        <cap-bottom>false</cap-bottom>
        <cap-top>false</cap-top>
        <cap-right>false</cap-right>
        <cap-left>false</cap-left>
        <marker-offset>5</marker-offset>
        <enable-pointer>true</enable-pointer>
        <pointer-type>fixed</pointer-type>
    </tape>


    <tape>
        <name>Gyrocompass</name>
        <x>-55</x>
        <y>-150</y>
        <width>100</width>
        <height>20</height>
        <input>
            <property>orientation/heading-deg</property>
            <factor>0.1</factor>
            <max>85</max>
            <min>0</min>
        </input>
        <display-span>3</display-span>
        <option>bottom</option>
        <major-divisions>1</major-divisions>
        <minor-divisions>0.1</minor-divisions>
        <tick-bottom>false</tick-bottom>
        <tick-top>false</tick-top>
        <tick-right>false</tick-right>
        <tick-left>false</tick-left>
        <cap-bottom>false</cap-bottom>
        <cap-top>false</cap-top>
        <cap-right>true</cap-right>
        <cap-left>true</cap-left>
        <marker-offset>0</marker-offset>
        <enable-pointer>false</enable-pointer>
        <pointer-type>fixed</pointer-type>
        <tick-type>line</tick-type>
        <tick-length>fixed</tick-length>
    </tape>

    <label>
        <name>Gyro Heading Marker</name>
        <x>-5</x>
        <y>-124</y>
        <width>1</width>
        <height>1</height>
        <format>v</format>
    </label>

    <label>
        <name>Gyro Heading Label</name>
        <x>-15</x>
        <y>-120</y>
        <width>18</width>
        <height>8</height>
        <input>
            <property>/orientation/heading-deg</property>
        </input>
        <format>%4.0f</format>
        <halign>center</halign>
        <box>true</box>
    </label>

    <label>
        <name>KIAS</name>
        <x>-82</x>
        <y>-50</y>
        <width>25</width>
        <height>10</height>
        <input>
            <property>/velocities/airspeed-kt</property>
        </input>
        <format>%4.0f</format>
        <halign>left</halign>
        <box>true</box>
        <option>right</option>
    </label>

    <label>
        <name>Altitude</name>
        <x>55</x>
        <y>-50</y>
        <width>24</width>
        <height>10</height>
        <input>
            <property>/position/altitude-ft</property>
        </input>
        <format>%4.0f</format>
        <halign>right</halign>
        <box>true</box>
        <option>left</option>
    </label>


    <label>
        <name>MACH Number</name>
        <x>-60</x>
        <y>30</y>
       <width>2</width>
        <height>2</height>
        <input>
            <property>/velocities/mach</property>
        </input>
        <format>M%4.2f</format>
        <halign>left</halign>
    </label>
	
	 <label>
	 <name>Ground Speed</name>
		<width>2</width>
		<height>2</height>
		<x>-65</x>
        <y>20</y>
		<format>GS:%3dkts</format>
		<halign>left</halign>
		<input>
			<property>/instrumentation/gps/indicated-ground-speed-kt</property>
		</input>
	</label>
	
	 <label>
        <name>G Load</name>
        <x>35</x>
        <y>30</y>
        <width>2</width>
        <height>2</height>
        <input>
            <property>/accelerations/pilot/z-accel-fps_sec</property>
            <factor>-0.03108095</factor>
            <damp>1.0</damp>
        </input>
        <format>G%2.1f</format>
        <halign>left</halign>
    </label>
	
	<label>
	<name>AGL</name>
	<x>40</x>
	<y>17</y>
	<width>24</width>
	<height>10</height>
	<input>
	<property>/position/altitude-agl-ft</property>
	</input>
	<format>AGL%4.0f</format>
	<halign>right</halign>
	<box>false</box>
	<option>left</option>
	</label>


<aiming-reticle>
  <x>-5</x>
  <y>-35</y>
  <width>10</width>
  <height>10</height>
 </aiming-reticle>
 
 
	
	
	</PropertyList>
