<?xml version="1.0" encoding="UTF-8"?>

<PropertyList>


  <!-- The EFIS section ust be inclused within your instumentation section of your SET file or an Instrumentation XML file.
<instrumentation>
 
  
  <efis>

			<ecam>
					<display-mode type="string">FUEL</display-mode>
			</ecam>
			<nd>
					<display-mode type="string">VOR</display-mode>
					<display-mode-knob type="int">2</display-mode-knob>
					<display-range type="int">40</display-range>
				
			</nd>
			<input>
				<vor-adf-1 type="int">1</vor-adf-1>
				<vor-adf-2 type="int">1</vor-adf-2>
				<CSTR type="bool">1</CSTR>
				<WPT type="bool">1</WPT>
				<VORD type="bool">1</VORD>
				<NDB type="bool">1</NDB>
				<ARPT type="bool">1</ARPT>
				<WX type="bool">1</WX>
				<TERR type="bool">1</TERR>
				<TRAF type="bool">1</TRAF>
				<taxi type="bool">1</taxi>
			</input>

		
		</efis>
</instrumentation>
  



</PropertyList>

