<?xml version="1.0"?>
<PropertyList>
	<path>radar.ac</path>
	
	<animation>
    <type>material</type>
    <object-name>nav</object-name>
    <object-name>div</object-name>
    <object-name>rect</object-name>
    <emission>
      <red>1</red>
      <green>1</green>
      <blue>1</blue>
      <factor>0.8</factor>
    </emission>
  </animation>
  
  <animation>
    <type>material</type>
    <object-name>20</object-name>
    <object-name>40</object-name>
    <object-name>+</object-name>
    <object-name>-</object-name>
    <object-name>multi0</object-name>
    <object-name>multi1</object-name>
    <object-name>multi2</object-name>
    <object-name>multi3</object-name>
    <object-name>multi4</object-name>
    <object-name>multi5</object-name>
    <object-name>multi6</object-name>
    <object-name>multi7</object-name>
    <object-name>multi8</object-name>
    <object-name>multi9</object-name>
    <object-name>ai0</object-name>
    <object-name>ai1</object-name>
    <object-name>ai2</object-name>
    <object-name>ai3</object-name>
    <object-name>ai4</object-name>
    <object-name>ai5</object-name>
    <object-name>ai6</object-name>
    <object-name>ai7</object-name>
    <object-name>ai8</object-name>
    <object-name>ai9</object-name>
    <emission>
      <red>1</red>
      <green>1</green>
      <blue>1</blue>
      <factor>1</factor>
    </emission>
  </animation>
  
	<animation>
		<type>rotate</type>
		<object-name>nav</object-name>
		<property>orientation/heading-deg</property>
		<center>
			<x-m>0</x-m>
			<y-m>0</y-m>
			<z-m>0</z-m>
		</center>
		<axis>
			<x>1</x>
			<y>0</y>
			<z>0</z>
		</axis>
	</animation>
	
	<!-- radar  range -->
	<animation>
	 <type>select</type>
	 <object-name>20</object-name>
	 <condition>   
		 <equals>
				<property>instrumentation/radar[0]/range</property>
				<value>20</value>
		 	</equals>	
		</condition>
 </animation>
 
 <animation>
	 <type>select</type>
	 <object-name>40</object-name>
	 <condition>   
		 <equals>
				<property>instrumentation/radar[0]/range</property>
				<value>40</value>
		 	</equals>	
		</condition>
 </animation>
 
 <!-- radar dots -->
 <animation>
	 <type>select</type>
	 <object-name>ai0</object-name>
	 <condition>   
		 <equals>
				 <property>instrumentation/radar/ai/models/aircraft[0]/radar/in-range</property>
				 <value>1</value>
				</equals>
			</condition>
</animation>
 
 <animation>
	 <type>translate</type>
	 <object-name>ai0</object-name>
	 <property>instrumentation/radar/ai/models/aircraft[0]/radar/y-shift</property>
	 <axis>
		 <x>0</x>
		 <y>0</y>
		 <z>1</z>
	 </axis>
 </animation>
 <animation>
	 <type>translate</type>
	 <object-name>ai0</object-name>
	 <property>instrumentation/radar/ai/models/aircraft[0]/radar/x-shift</property>
	 <axis>
		 <x>0</x>
		 <y>1</y>
		 <z>0</z>
	 </axis>
 </animation>
 
<animation>
	 <type>select</type>
	 <object-name>ai1</object-name>
	 <condition>   
		 <equals>
				 <property>instrumentation/radar/ai/models/aircraft[1]/radar/in-range</property>
				 <value>1</value>
			 </equals>
			 </condition>
 </animation>
 
 <animation>
	 <type>translate</type>
	 <object-name>ai1</object-name>
	 <property>instrumentation/radar/ai/models/aircraft[1]/radar/y-shift</property>
	 <axis>
		 <x>0</x>
		 <y>0</y>
		 <z>1</z>
	 </axis>
 </animation>
 <animation>
	 <type>translate</type>
	 <object-name>ai1</object-name>
	 <property>instrumentation/radar/ai/models/aircraft[1]/radar/x-shift</property>
	 <axis>
		 <x>0</x>
		 <y>1</y>
		 <z>0</z>
	 </axis>
 </animation>
 
 <animation>
	 <type>select</type>
	 <object-name>ai2</object-name>
	 <condition>   
		 <equals>
				 <property>instrumentation/radar/ai/models/aircraft[2]/radar/in-range</property>
				 <value>1</value>
			 </equals>
			 </condition>
 </animation>
 
 <animation>
	 <type>translate</type>
	 <object-name>ai2</object-name>
	 <property>instrumentation/radar/ai/models/aircraft[2]/radar/y-shift</property>
	 <axis>
		 <x>0</x>
		 <y>0</y>
		 <z>1</z>
	 </axis>
 </animation>
 <animation>
	 <type>translate</type>
	 <object-name>ai2</object-name>
	 <property>instrumentation/radar/ai/models/aircraft[2]/radar/x-shift</property>
	 <axis>
		 <x>0</x>
		 <y>1</y>
		 <z>0</z>
	 </axis>
 </animation>
 
 <animation>
	 <type>select</type>
	 <object-name>ai3</object-name>
	 <condition>   
		<equals>
				 <property>instrumentation/radar/ai/models/aircraft[3]/radar/in-range</property>
				 <value>1</value>
			 </equals>
			 </condition>
 </animation>
 
 <animation>
	 <type>translate</type>
	 <object-name>ai3</object-name>
	 <property>instrumentation/radar/ai/models/aircraft[3]/radar/y-shift</property>
	 <axis>
		 <x>0</x>
		 <y>0</y>
		 <z>1</z>
	 </axis>
 </animation>
 <animation>
	 <type>translate</type>
	 <object-name>ai3</object-name>
	 <property>instrumentation/radar/ai/models/aircraft[3]/radar/x-shift</property>
	 <axis>
		 <x>0</x>
		 <y>1</y>
		 <z>0</z>
	 </axis>
 </animation>
 
 <animation>
	 <type>select</type>
	 <object-name>ai4</object-name>
	 <condition>   
		 <equals>
				 <property>instrumentation/radar/ai/models/aircraft[4]/radar/in-range</property>
				 <value>1</value>
			 </equals>
			 </condition>
 </animation>
 
 <animation>
	 <type>translate</type>
	 <object-name>ai4</object-name>
	 <property>instrumentation/radar/ai/models/aircraft[4]/radar/y-shift</property>
	 <axis>
		 <x>0</x>
		 <y>0</y>
		 <z>1</z>
	 </axis>
 </animation>
 <animation>
	 <type>translate</type>
	 <object-name>ai4</object-name>
	 <property>instrumentation/radar/ai/models/aircraft[4]/radar/x-shift</property>
	 <axis>
		 <x>0</x>
		 <y>1</y>
		 <z>0</z>
	 </axis>
 </animation>
 
 <animation>
	 <type>select</type>
	 <object-name>ai5</object-name>
	 <condition>   
		<equals>
				 <property>instrumentation/radar/ai/models/aircraft[5]/radar/in-range</property>
				 <value>1</value>
			 </equals>
			 </condition>
 </animation>
 
 <animation>
	 <type>translate</type>
	 <object-name>ai5</object-name>
	 <property>instrumentation/radar/ai/models/aircraft[5]/radar/y-shift</property>
	 <axis>
		 <x>0</x>
		 <y>0</y>
		 <z>1</z>
	 </axis>
 </animation>
 <animation>
	 <type>translate</type>
	 <object-name>ai5</object-name>
	 <property>instrumentation/radar/ai/models/aircraft[5]/radar/x-shift</property>
	 <axis>
		 <x>0</x>
		 <y>1</y>
		 <z>0</z>
	 </axis>
 </animation>
 
 <animation>
	 <type>select</type>
	 <object-name>ai6</object-name>
	 <condition>   
		 <equals>
				 <property>instrumentation/radar/ai/models/aircraft[6]/radar/in-range</property>
				 <value>1</value>
			 </equals>
			 </condition>
 </animation>
 
 <animation>
	 <type>translate</type>
	 <object-name>ai6</object-name>
	 <property>instrumentation/radar/ai/models/aircraft[6]/radar/y-shift</property>
	 <axis>
		 <x>0</x>
		 <y>0</y>
		 <z>1</z>
	 </axis>
 </animation>
 <animation>
	 <type>translate</type>
	 <object-name>ai6</object-name>
	 <property>instrumentation/radar/ai/models/aircraft[6]/radar/x-shift</property>
	 <axis>
		 <x>0</x>
		 <y>1</y>
		 <z>0</z>
	 </axis>
 </animation>
 
 <animation>
	 <type>select</type>
	 <object-name>ai7</object-name>
	 <condition>   
		 <equals>
				 <property>instrumentation/radar/ai/models/aircraft[7]/radar/in-range</property>
				 <value>1</value>
			 </equals>
			 </condition>
 </animation>
 
 <animation>
	 <type>translate</type>
	 <object-name>ai7</object-name>
	 <property>instrumentation/radar/ai/models/aircraft[7]/radar/y-shift</property>
	 <axis>
		 <x>0</x>
		 <y>0</y>
		 <z>1</z>
	 </axis>
 </animation>
 <animation>
	 <type>translate</type>
	 <object-name>ai7</object-name>
	 <property>instrumentation/radar/ai/models/aircraft[7]/radar/x-shift</property>
	 <axis>
		 <x>0</x>
		 <y>1</y>
		 <z>0</z>
	 </axis>
 </animation>
 
 <animation>
	 <type>select</type>
	 <object-name>ai8</object-name>
	 <condition>   
		 <equals>
				 <property>instrumentation/radar/ai/models/aircraft[8]/radar/in-range</property>
				 <value>1</value>
			 </equals>
			 </condition>
 </animation>
 
 <animation>
	 <type>translate</type>
	 <object-name>ai8</object-name>
	 <property>instrumentation/radar/ai/models/aircraft[8]/radar/y-shift</property>
	 <axis>
		 <x>0</x>
		 <y>0</y>
		 <z>1</z>
	 </axis>
 </animation>
 <animation>
	 <type>translate</type>
	 <object-name>ai8</object-name>
	 <property>instrumentation/radar/ai/models/aircraft[8]/radar/x-shift</property>
	 <axis>
		 <x>0</x>
		 <y>1</y>
		 <z>0</z>
	 </axis>
 </animation>
 
 <animation>
	 <type>select</type>
	 <object-name>ai9</object-name>
	 <condition>   
		 <equals>
				 <property>instrumentation/radar/ai/models/aircraft[9]/radar/in-range</property>
				 <value>1</value>
			 </equals>
			 </condition>
 </animation>
 
 <animation>
	 <type>translate</type>
	 <object-name>ai9</object-name>
	 <property>instrumentation/radar/ai/models/aircraft[9]/radar/y-shift</property>
	 <axis>
		 <x>0</x>
		 <y>0</y>
		 <z>1</z>
	 </axis>
 </animation>
 <animation>
	 <type>translate</type>
	 <object-name>ai9</object-name>
	 <property>instrumentation/radar/ai/models/aircraft[9]/radar/x-shift</property>
	 <axis>
		 <x>0</x>
		 <y>1</y>
		 <z>0</z>
	 </axis>
 </animation>
 
 
 
 <animation>
	 <type>select</type>
	 <object-name>multi0</object-name>
	 <condition>   
		 <equals>
				 <property>instrumentation/radar/ai/models/multiplayer[0]/radar/in-range</property>
				 <value>1</value>
			 </equals>
			 </condition>
 </animation>
 
 <animation>
	 <type>translate</type>
	 <object-name>multi0</object-name>
	 <property>instrumentation/radar/ai/models/multiplayer[0]/radar/y-shift</property>
	 <axis>
		 <x>0</x>
		 <y>0</y>
		 <z>1</z>
	 </axis>
 </animation>
 <animation>
	 <type>translate</type>
	 <object-name>multi0</object-name>
	 <property>instrumentation/radar/ai/models/multiplayer[0]/radar/x-shift</property>
	 <axis>
		 <x>0</x>
		 <y>1</y>
		 <z>0</z>
	 </axis>
 </animation>
 
 <animation>
	 <type>select</type>
	 <object-name>multi1</object-name>
	 <condition>   
		 <equals>
				 <property>instrumentation/radar/ai/models/multiplayer[1]/radar/in-range</property>
				 <value>1</value>
			 </equals>
			 </condition>
 </animation>
 
 <animation>
	 <type>translate</type>
	 <object-name>multi1</object-name>
	 <property>instrumentation/radar/ai/models/multiplayer[1]/radar/y-shift</property>
	 <axis>
		 <x>0</x>
		 <y>0</y>
		 <z>1</z>
	 </axis>
 </animation>
 <animation>
	 <type>translate</type>
	 <object-name>multi1</object-name>
	 <property>instrumentation/radar/ai/models/multiplayer[1]/radar/x-shift</property>
	 <axis>
		 <x>0</x>
		 <y>1</y>
		 <z>0</z>
	 </axis>
 </animation>
 
 <animation>
	 <type>select</type>
	 <object-name>multi2</object-name>
	 <condition>   
		 <equals>
				 <property>instrumentation/radar/ai/models/multiplayer[2]/radar/in-range</property>
				 <value>1</value>
			 </equals>
			 </condition>
 </animation>
 
 <animation>
	 <type>translate</type>
	 <object-name>multi2</object-name>
	 <property>instrumentation/radar/ai/models/multiplayer[2]/radar/y-shift</property>
	 <axis>
		 <x>0</x>
		 <y>0</y>
		 <z>1</z>
	 </axis>
 </animation>
 <animation>
	 <type>translate</type>
	 <object-name>multi2</object-name>
	 <property>instrumentation/radar/ai/models/multiplayer[2]/radar/x-shift</property>
	 <axis>
		 <x>0</x>
		 <y>1</y>
		 <z>0</z>
	 </axis>
 </animation>
 
 <animation>
	 <type>select</type>
	 <object-name>multi3</object-name>
	 <condition>   
		 <equals>
				 <property>instrumentation/radar/ai/models/multiplayer[3]/radar/in-range</property>
				 <value>1</value>
			 </equals>
			 </condition>
 </animation>
 
 <animation>
	 <type>translate</type>
	 <object-name>multi3</object-name>
	 <property>instrumentation/radar/ai/models/multiplayer[3]/radar/y-shift</property>
	 <axis>
		 <x>0</x>
		 <y>0</y>
		 <z>1</z>
	 </axis>
 </animation>
 <animation>
	 <type>translate</type>
	 <object-name>multi3</object-name>
	 <property>instrumentation/radar/ai/models/multiplayer[3]/radar/x-shift</property>
	 <axis>
		 <x>0</x>
		 <y>1</y>
		 <z>0</z>
	 </axis>
 </animation>
 
 <animation>
	 <type>select</type>
	 <object-name>multi4</object-name>
	 <condition>   
		 <equals>
				 <property>instrumentation/radar/ai/models/multiplayer[4]/radar/in-range</property>
				 <value>1</value>
			 </equals>
			 </condition>
 </animation>
 
 <animation>
	 <type>translate</type>
	 <object-name>multi4</object-name>
	 <property>instrumentation/radar/ai/models/multiplayer[4]/radar/y-shift</property>
	 <axis>
		 <x>0</x>
		 <y>0</y>
		 <z>1</z>
	 </axis>
 </animation>
 <animation>
	 <type>translate</type>
	 <object-name>multi4</object-name>
	 <property>instrumentation/radar/ai/models/multiplayer[4]/radar/x-shift</property>
	 <axis>
		 <x>0</x>
		 <y>1</y>
		 <z>0</z>
	 </axis>
 </animation>
 
 <animation>
	 <type>select</type>
	 <object-name>multi5</object-name>
	 <condition>   
		 <equals>
				 <property>instrumentation/radar/ai/models/multiplayer[5]/radar/in-range</property>
				 <value>1</value>
			 </equals>
			 </condition>
 </animation>
 
 <animation>
	 <type>translate</type>
	 <object-name>multi5</object-name>
	 <property>instrumentation/radar/ai/models/multiplayer[5]/radar/y-shift</property>
	 <axis>
		 <x>0</x>
		 <y>0</y>
		 <z>1</z>
	 </axis>
 </animation>
 <animation>
	 <type>translate</type>
	 <object-name>multi5</object-name>
	 <property>instrumentation/radar/ai/models/multiplayer[5]/radar/x-shift</property>
	 <axis>
		 <x>0</x>
		 <y>1</y>
		 <z>0</z>
	 </axis>
 </animation>
 
 <animation>
	 <type>select</type>
	 <object-name>multi6</object-name>
	 <condition>   
		 <equals>
				 <property>instrumentation/radar/ai/models/multiplayer[6]/radar/in-range</property>
				 <value>1</value>
			 </equals>
			 </condition>
 </animation>
 
 <animation>
	 <type>translate</type>
	 <object-name>multi6</object-name>
	 <property>instrumentation/radar/ai/models/multiplayer[6]/radar/y-shift</property>
	 <axis>
		 <x>0</x>
		 <y>0</y>
		 <z>1</z>
	 </axis>
 </animation>
 <animation>
	 <type>translate</type>
	 <object-name>multi6</object-name>
	 <property>instrumentation/radar/ai/models/multiplayer[6]/radar/x-shift</property>
	 <axis>
		 <x>0</x>
		 <y>1</y>
		 <z>0</z>
	 </axis>
 </animation>
 
 <animation>
	 <type>select</type>
	 <object-name>multi7</object-name>
	 <condition>   
		 <equals>
				 <property>instrumentation/radar/ai/models/multiplayer[7]/radar/in-range</property>
				 <value>1</value>
			 </equals>
			 </condition>
 </animation>
 
 <animation>
	 <type>translate</type>
	 <object-name>multi7</object-name>
	 <property>instrumentation/radar/ai/models/multiplayer[7]/radar/y-shift</property>
	 <axis>
		 <x>0</x>
		 <y>0</y>
		 <z>1</z>
	 </axis>
 </animation>
 <animation>
	 <type>translate</type>
	 <object-name>multi7</object-name>
	 <property>instrumentation/radar/ai/models/multiplayer[7]/radar/x-shift</property>
	 <axis>
		 <x>0</x>
		 <y>1</y>
		 <z>0</z>
	 </axis>
 </animation>
 
 <animation>
	 <type>select</type>
	 <object-name>multi8</object-name>
	 <condition>   
		 <equals>
				 <property>instrumentation/radar/ai/models/multiplayer[8]/radar/in-range</property>
				 <value>1</value>
			 </equals>
			 </condition>
 </animation>
 
 <animation>
	 <type>translate</type>
	 <object-name>multi8</object-name>
	 <property>instrumentation/radar/ai/models/multiplayer[8]/radar/y-shift</property>
	 <axis>
		 <x>0</x>
		 <y>0</y>
		 <z>1</z>
	 </axis>
 </animation>
 <animation>
	 <type>translate</type>
	 <object-name>multi8</object-name>
	 <property>instrumentation/radar/ai/models/multiplayer[8]/radar/x-shift</property>
	 <axis>
		 <x>0</x>
		 <y>1</y>
		 <z>0</z>
	 </axis>
 </animation>
 
 <animation>
	 <type>select</type>
	 <object-name>multi9</object-name>
	 <condition>   
		 <equals>
				 <property>instrumentation/radar/ai/models/multiplayer[9]/radar/in-range</property>
				 <value>1</value>
			 </equals>
			 </condition>
 </animation>
 
 <animation>
	 <type>translate</type>
	 <object-name>multi9</object-name>
	 <property>instrumentation/radar/ai/models/multiplayer[9]/radar/y-shift</property>
	 <axis>
		 <x>0</x>
		 <y>0</y>
		 <z>1</z>
	 </axis>
 </animation>
 <animation>
	 <type>translate</type>
	 <object-name>multi9</object-name>
	 <property>instrumentation/radar/ai/models/multiplayer[9]/radar/x-shift</property>
	 <axis>
		 <x>0</x>
		 <y>1</y>
		 <z>0</z>
	 </axis>
 </animation>
 
</PropertyList>
