<?xml version="1.0"?>

<!--
**********************************************************************
This file selects the instrumentation modules that should be available.
**********************************************************************
-->

<PropertyList>

	<adf>
		<name>adf</name>
		<number>0</number>
	</adf>

	<airspeed-indicator>
		<name>airspeed-indicator</name>
		<number>0</number>
		<total-pressure>/systems/pitot/total-pressure-inhg</total-pressure>
		<static-pressure>/systems/static/pressure-inhg</static-pressure>
	</airspeed-indicator>

	<altimeter>
		<name>altimeter</name>
		<number>0</number>
		<static-pressure>/systems/static/pressure-inhg</static-pressure>
	</altimeter>

	<attitude-indicator>
		<name>attitude-indicator</name>
		<number>0</number>
		<suction>/systems/vacuum/suction-inhg</suction>
	</attitude-indicator>

	<attitude-indicator>
		<name>attitude-indicator</name>
		<number>1</number>
		<suction>/systems/vacuum/suction-inhg</suction>
	</attitude-indicator>

        <clock>
        	<name>clock</name>
        	<number>0</number>
        </clock>

	<dme>
		<name>dme</name>
		<number>0</number>
	</dme>

	<heading-indicator>
		<name>heading-indicator</name>
		<number>0</number>
		<suction>/systems/vacuum/suction-inhg</suction>
	</heading-indicator>
	
	<heading-indicator-fg>
	  <name>heading-indicator-fg</name>
	  <number>0</number>
  </heading-indicator-fg>

	<heading-indicator-dg>
		<name>heading-indicator-dg</name>
		<number>0</number>
	</heading-indicator-dg>

	<magnetic-compass>
		<name>magnetic-compass</name>
		<number>0</number>
	</magnetic-compass>

	<marker-beacon>
		<name>marker-beacon</name>
		<number>0</number>
	</marker-beacon>

	 <nav-radio>
    <name>nav</name>
    <number>0</number>
  </nav-radio>

  <nav-radio>
    <name>nav</name>
    <number>1</number>
  </nav-radio>

  <nav-radio>
    <name>nav</name>
    <number>2</number>
  </nav-radio>

	<slip-skid-ball>
		<name>slip-skid-ball</name>
		<number>0</number>
	</slip-skid-ball>

	<transponder>
		<name>transponder</name>
		<number>0</number>
		<mode-c-altitude>/instrumentation/encoder/mode-c-alt-ft</mode-c-altitude>
	</transponder>

	<turn-indicator>
		<name>turn-indicator</name>
		<number>0</number>
	</turn-indicator>

	<vertical-speed-indicator>
		<name>vertical-speed-indicator</name>
		<number>0</number>
		<static-pressure>/systems/static/pressure-inhg</static-pressure>
	</vertical-speed-indicator>

  <gps>
    <name>gps</name>
    <number>0</number>
  </gps>
  
	<radar>
		<name>radar</name>
		<number>0</number>
	</radar>
	
  <radar>
    <name>wxradar</name>
    <number>0</number>
  </radar>

	<tacan>
		<name>tacan</name>
		<number>0</number>
	</tacan>

	<master-reference-gyro>
		<name>master-reference-gyro</name>
		<number>0</number>
	</master-reference-gyro>

</PropertyList>
