<?xml version="1.0"?>

<PropertyList>

  <submodel>
    <name>Impact smoke</name>
    <model>Aircraft/F-22/Models/Effects/Flack.xml</model>
    <!--<trigger>ai/submodels/trigger</trigger>-->
    <speed>0</speed>
    <repeat>true</repeat>
		<delay>0.3</delay>
    <count>-1</count>
    <x-offset>  1000 </x-offset>
    <y-offset>  1.50 </y-offset>
    <z-offset>  0.53 </z-offset>
    <yaw-offset>0</yaw-offset>
    <pitch-offset>0</pitch-offset>
    <eda>10</eda>
    <wind>true</wind>
    <buoyancy>35</buoyancy>
    <life>1.0</life>
  </submodel> 

  <!-- Countermeasures -->

  <submodel>
    <name>flares</name>
    <model>Aircraft/F-22/Models/Stores/Countermeasures/flare.xml</model>
    <trigger>ai/submodels/submodel/flare-release</trigger>
    <speed>10</speed>
    <repeat>true</repeat>
    <delay>0.2</delay>
    <count>50</count>
    <x-offset>-0</x-offset>
    <y-offset>2.8</y-offset>
    <z-offset>-5</z-offset>
    <yaw-offset>150.0</yaw-offset>
	<pitch-offset>-70</pitch-offset> 
    <life>5</life>
    <buoyancy>8</buoyancy>
    <eda>1.0</eda>
  </submodel>
  
 <submodel>
    <name>flares</name>
    <model>Aircraft/F-22/Models/Stores/Countermeasures/flare.xml</model>
    <trigger>ai/submodels/submodel/flare-release</trigger>
    <speed>10</speed>
    <repeat>true</repeat>
    <delay>0.2</delay>
    <count>50</count>
    <x-offset>-0</x-offset>
    <y-offset>-2.8</y-offset>
    <z-offset>-5</z-offset>
    <yaw-offset>210</yaw-offset>
	<pitch-offset>-70</pitch-offset> 
    <life>5</life>
    <buoyancy>8</buoyancy>
    <eda>1.0</eda>
  </submodel>
  
  
  
</PropertyList>
