<?xml version="1.0"?>


<PropertyList>

 <model>
		<path>Aircraft/F-22/Models/Interior/Instruments/MFD/weapons.ac</path>
			<offsets>
				<x-m>0</x-m>
					<y-m>0</y-m>
				<z-m>0</z-m>
			<pitch-deg>0</pitch-deg>
		</offsets>
	</model>

	
<!-- Text -->

 <animation>
  <type>material</type>
  <object-name>gun</object-name>
    <object-name>weight0</object-name>
  <object-name>weight1</object-name>
  <object-name>weight2</object-name>
  <object-name>weight3</object-name>
  <object-name>weight4</object-name>
  <object-name>weight5</object-name>
  <object-name>weight6</object-name>
  <object-name>weight7</object-name>
  <object-name>weight8</object-name>
  <object-name>weight9</object-name>
  <object-name>fuel-head</object-name>
  <object-name>fuel-lb</object-name>
  <ambient>
    <red>0.0</red>
    <green>1.0</green>
    <blue>0.0</blue>
  </ambient>
  <diffuse>
    <red>0.0</red>
    <green>0.1</green>
    <blue>0.0</blue>
  </diffuse>
  <emission>
    <red>0.3</red>
    <green>0.8</green>
    <blue>0.3</blue>
  </emission> 
 </animation>
 
 <text>
  <name>gun</name>
  <font>lcd.txf</font>
  <character-size type="double">0.003</character-size>
  <offsets>
   <x-m>0.01</x-m>
   <y-m>-0.03</y-m>
   <z-m>0.085</z-m>
  </offsets>
  <axis-alignment>yz-plane</axis-alignment>
  <type type="string">literal</type>
  <text type="string">GUN</text>
  <draw-text type="bool">true</draw-text>
  <alignment>left-top</alignment>
 </text>
 
 <text>
  <name>weight0</name>
  <font>lcd.txf</font>
  <character-size type="double">0.003</character-size>
  <offsets>
  <x-m>0.01</x-m>
   <y-m>-0.055</y-m>
   <z-m>0.015</z-m>
  </offsets>
  <axis-alignment>yz-plane</axis-alignment>
  <type type="string">text-value</type>
  
  <truncate type="bool">true</truncate>
  <property>sim/weight/selected</property>
  <draw-text type="bool">true</draw-text>
  <alignment>right-top</alignment>
 </text>
 
 <text>
  <name>weight1</name>
  <font>lcd.txf</font>
  <character-size type="double">0.003</character-size>
  <offsets>
  <x-m>0.01</x-m>
   <y-m>-0.055</y-m>
   <z-m>0.03</z-m>
  </offsets>
  <axis-alignment>yz-plane</axis-alignment>
  <type type="string">text-value</type>
  
  <truncate type="bool">true</truncate>
  <property>sim/weight[1]/selected</property>
  <draw-text type="bool">true</draw-text>
  <alignment>right-top</alignment>
 </text>
 
 <text>
  <name>weight2</name>
  <font>lcd.txf</font>
  <character-size type="double">0.003</character-size>
  <offsets>
   <x-m>0.01</x-m>
   <y-m>-0.052</y-m>
   <z-m>0.04</z-m>
  </offsets>
  <axis-alignment>yz-plane</axis-alignment>
  <type type="string">text-value</type>
  
  <truncate type="bool">true</truncate>
  <property>sim/weight[2]/selected</property>
  <draw-text type="bool">true</draw-text>
  <alignment>right-top</alignment>
 </text>
 
 <text>
  <name>weight3</name>
  <font>lcd.txf</font>
  <character-size type="double">0.003</character-size>
  <offsets>
    <x-m>0.01</x-m>
   <y-m>-0.04</y-m>
   <z-m>0.05</z-m>
  </offsets>
  <axis-alignment>yz-plane</axis-alignment>
  <type type="string">text-value</type>
  
  <truncate type="bool">true</truncate>
  <property>sim/weight[3]/selected</property>
  <draw-text type="bool">true</draw-text>
  <alignment>right-top</alignment>
 </text>
 
  <text>
  <name>weight4</name>
  <font>lcd.txf</font>
  <character-size type="double">0.003</character-size>
  <offsets>
      <x-m>0.01</x-m>
   <y-m>-0.04</y-m>
   <z-m>0.07</z-m>
  </offsets>
  <axis-alignment>yz-plane</axis-alignment>
  <type type="string">text-value</type>
  
  <truncate type="bool">true</truncate>
  <property>sim/weight[4]/selected</property>
  <draw-text type="bool">true</draw-text>
  <alignment>right-top</alignment>
 </text>
 
 <text>
  <name>weight5</name>
  <font>lcd.txf</font>
  <character-size type="double">0.003</character-size>
  <offsets>
     <x-m>0.01</x-m>
   <y-m>0.04</y-m>
   <z-m>0.07</z-m>
  </offsets>
  <axis-alignment>yz-plane</axis-alignment>
  <type type="string">text-value</type>
  
  <truncate type="bool">true</truncate>
  <property>sim/weight[5]/selected</property>
  <draw-text type="bool">true</draw-text>
  <alignment>left-top</alignment>
 </text>
 
 <text>
  <name>weight6</name>
  <font>lcd.txf</font>
  <character-size type="double">0.003</character-size>
  <offsets>
   <x-m>0.01</x-m>
   <y-m>0.04</y-m>
   <z-m>0.05</z-m>
  </offsets>
  <axis-alignment>yz-plane</axis-alignment>
  <type type="string">text-value</type>
  
  <truncate type="bool">true</truncate>
  <property>sim/weight[6]/selected</property>
  <draw-text type="bool">true</draw-text>
  <alignment>left-top</alignment>
 </text>
 
 <text>
  <name>weight7</name>
  <font>lcd.txf</font>
  <character-size type="double">0.003</character-size>
  <offsets>
  <x-m>0.01</x-m>
   <y-m>0.052</y-m>
   <z-m>0.04</z-m>
  </offsets>
  <axis-alignment>yz-plane</axis-alignment>
  <type type="string">text-value</type>
  
  <truncate type="bool">true</truncate>
  <property>sim/weight[7]/selected</property>
  <draw-text type="bool">true</draw-text>
  <alignment>left-top</alignment>
 </text>
 
 <text>
  <name>weight8</name>
  <font>lcd.txf</font>
  <character-size type="double">0.003</character-size>
  <offsets>
   <x-m>0.01</x-m>
   <y-m>0.055</y-m>
   <z-m>0.03</z-m>
  </offsets>
  <axis-alignment>yz-plane</axis-alignment>
  <type type="string">text-value</type>
  
  <truncate type="bool">true</truncate>
  <property>sim/weight[8]/selected</property>
  <draw-text type="bool">true</draw-text>
  <alignment>left-top</alignment>
 </text>
 
 <text>
  <name>weight9</name>
  <font>lcd.txf</font>
  <character-size type="double">0.003</character-size>
  <offsets>
  <x-m>0.01</x-m>
   <y-m>0.055</y-m>
   <z-m>0.015</z-m>
  </offsets>
  <axis-alignment>yz-plane</axis-alignment>
  <type type="string">text-value</type>
  
  <truncate type="bool">true</truncate>
  <property>sim/weight[9]/selected</property>
  <draw-text type="bool">true</draw-text>
  <alignment>left-top</alignment>
 </text>
 
 <text>
  <name>fuel-head</name>
  <font>lcd.txf</font>
  <character-size type="double">0.003</character-size>
  <offsets>
  <x-m>0.01</x-m>
   <y-m>0.025</y-m>
   <z-m>-0.03</z-m>
  </offsets>
  <axis-alignment>yz-plane</axis-alignment>
  <type type="string">literal</type>
  <text type="string">FUEL:</text>
  <draw-text type="bool">true</draw-text>
  <alignment>left-top</alignment>
 </text>
 
 <text>
  <name>fuel-lb</name>
  <font>lcd.txf</font>
  <character-size type="double">0.003</character-size>
  <offsets>
 <x-m>0.01</x-m>
   <y-m>0.04</y-m>
   <z-m>-0.03</z-m>
  </offsets>
  <axis-alignment>yz-plane</axis-alignment>
   <type type="string">number-value</type>
   <format type="string">%5.2f lb</format>
  <truncate type="bool">true</truncate>
  <property>consumables/fuel/total-fuel-lbs</property>
  <draw-text type="bool">true</draw-text>
  <alignment>left-top</alignment>
 </text>	
 
 
  <animation>
  <type>material</type>
  <object-name>sb-label</object-name>
  <object-name>sb</object-name>
  <object-name>flap-label</object-name>
  <object-name>flap-position</object-name>
  <object-name>gear-label</object-name>
  <object-name>ng</object-name>
  <object-name>lg</object-name>
  <object-name>rg</object-name>
  
  <ambient>
    <red>0.0</red>
    <green>1.0</green>
    <blue>0.0</blue>
  </ambient>
  <diffuse>
    <red>0.0</red>
    <green>0.1</green>
    <blue>0.0</blue>
  </diffuse>
  <emission>
    <red>0.3</red>
    <green>0.8</green>
    <blue>0.3</blue>
  </emission> 
 </animation>
  
  
  <!-- Speed Brake -->
  
  <text>
  <name>sb-label</name>
  <font>lcd.txf</font>
  <character-size type="double">0.0045</character-size>
  <offsets>
    <x-m>0.005</x-m>
   <y-m>-0.016</y-m>
   <z-m>-0.055</z-m>
  </offsets>
  <axis-alignment>yz-plane</axis-alignment>
  <type type="string">literal</type>
  <text type="string">AIR BRAKE</text>
  <draw-text type="bool">true</draw-text>
  <alignment>left-top</alignment>
 </text>
 
 <text>
  <name>sb</name>
  <font>lcd.txf</font>
  <character-size type="double">0.025</character-size>
  <offsets>
    <x-m>0.005</x-m>
   <y-m>-0.009</y-m>
   <z-m>-0.06</z-m>
  </offsets>
  <axis-alignment>yz-plane</axis-alignment>
  <type type="string">literal</type>
  <text type="string">.</text>
  <draw-text type="bool">true</draw-text>
  <alignment>left-top</alignment>
 </text>
  
  
  <animation>
        <type>select</type>
        <object-name>sb</object-name>
        
        <condition>
       <property>surface-positions/speedbrake-pos-norm</property>
        </condition>
    </animation>
	
	 <!-- FLAPS -->
  
  <text>
  <name>flap-label</name>
  <font>lcd.txf</font>
  <character-size type="double">0.0045</character-size>
  <offsets>
    <x-m>0.005</x-m>
   <y-m>0.02</y-m>
   <z-m>-0.055</z-m>
  </offsets>
  <axis-alignment>yz-plane</axis-alignment>
  <type type="string">literal</type>
  <text type="string">FLAPS</text>
  <draw-text type="bool">true</draw-text>
  <alignment>left-top</alignment>
 </text>
 
 <text>
  <name>flap-position</name>
  <font>lcd.txf</font>
  <character-size type="double">0.0045</character-size>
  <offsets>
  <x-m>0.005</x-m>
   <y-m>0.02</y-m>
   <z-m>-0.065</z-m>
  </offsets>
  <axis-alignment>yz-plane</axis-alignment>
   <type type="string">literal</type>
   <format type="string">%1.3f </format>
  <truncate type="bool">false</truncate>
  <property>surface-positions/left-flap-pos-norm</property>
  <draw-text type="bool">true</draw-text>
  <alignment>left-top</alignment>
 </text>	
 
  <!-- Gear -->
  <!--
  <text>
  <name>gear-label</name>
  <font>lcd.txf</font>
  <character-size type="double">0.0045</character-size>
  <offsets>
     <x-m>0.005</x-m>
   <y-m>-0.009</y-m>
   <z-m>-0.055</z-m>
  </offsets>
  <axis-alignment>yz-plane</axis-alignment>
  <type type="string">literal</type>
  <text type="string">LDG GEAR</text>
  <draw-text type="bool">true</draw-text>
  <alignment>left-top</alignment>
 </text>
 -->
 <text>
  <name>ng</name>
  <font>lcd.txf</font>
  <character-size type="double">0.015</character-size>
  <offsets>
    <x-m>0.005</x-m>
   <y-m>-0.006</y-m>
   <z-m>0.035</z-m>
  </offsets>
  <axis-alignment>yz-plane</axis-alignment>
  <type type="string">literal</type>
  <text type="string">.</text>
  <draw-text type="bool">true</draw-text>
  <alignment>left-top</alignment>
 </text>
 
  <text>
  <name>lg</name>
  <font>lcd.txf</font>
  <character-size type="double">0.015</character-size>
  <offsets>
    <x-m>0.005</x-m>
   <y-m>-0.016</y-m>
   <z-m>0.00</z-m>
  </offsets>
  <axis-alignment>yz-plane</axis-alignment>
  <type type="string">literal</type>
  <text type="string">.</text>
  <draw-text type="bool">true</draw-text>
  <alignment>left-top</alignment>
 </text>
 
 <text>
  <name>rg</name>
  <font>lcd.txf</font>
  <character-size type="double">0.015</character-size>
  <offsets>
    <x-m>0.005</x-m>
   <y-m>0.006</y-m>
   <z-m>-0.00</z-m>
  </offsets>
  <axis-alignment>yz-plane</axis-alignment>
  <type type="string">literal</type>
  <text type="string">.</text>
  <draw-text type="bool">true</draw-text>
  <alignment>left-top</alignment>
 </text>
 
 <animation>
        <type>select</type>
         <object-name>ng</object-name>
  <object-name>lg</object-name>
  <object-name>rg</object-name>
        <condition>
        <property>gear/gear[0]/position-norm</property>
        </condition>
    </animation>
	
	
	 <animation>
  <type>material</type>
  <object-name>afterburner</object-name>
  <object-name>hook</object-name>
  <object-name>bay</object-name>
  <object-name>canpy</object-name>
  
  <ambient>
    <red>0.0</red>
    <green>0.0</green>
    <blue>0.0</blue>
  </ambient>
  <diffuse>
    <red>0.1</red>
    <green>0.0</green>
    <blue>0.0</blue>
  </diffuse>
  <emission>
    <red>0.8</red>
    <green>0.0</green>
    <blue>0.0</blue>
  </emission> 
 </animation>
 
  <text>
  <name>afterburner</name>
  <font>condensed.txf</font>
  <character-size type="double">0.0056</character-size>
  <offsets>
  <x-m>0.01</x-m>
   <y-m>-0.08</y-m>
   <z-m>-0.03</z-m>
  </offsets>
  <axis-alignment>yz-plane</axis-alignment>
  <type type="string">literal</type>
  <text type="string">AFTRBRN</text>
  <draw-text type="bool">true</draw-text>
  <alignment>left-top</alignment>
 </text>

  <animation>
        <type>select</type>
        <object-name>afterburner</object-name>
        
        <condition>
       <property>engines/engine[0]/afterburner</property>
        </condition>
    </animation>
	
	<text>
  <name>bay</name>
  <font>condensed.txf</font>
  <character-size type="double">0.0056</character-size>
  <offsets>
  <x-m>0.01</x-m>
   <y-m>-0.08</y-m>
   <z-m>-0.04</z-m>
  </offsets>
  <axis-alignment>yz-plane</axis-alignment>
  <type type="string">literal</type>
  <text type="string">BAY OPEN</text>
  <draw-text type="bool">true</draw-text>
  <alignment>left-top</alignment>
 </text>

  <animation>
        <type>select</type>
        <object-name>bay</object-name>
        
        <condition>
       <property>baydoors/position-norm</property>
        </condition>
    </animation>
	
	<text>
  <name>canpy</name>
  <font>condensed.txf</font>
  <character-size type="double">0.0056</character-size>
  <offsets>
  <x-m>0.01</x-m>
   <y-m>-0.08</y-m>
   <z-m>-0.05</z-m>
  </offsets>
  <axis-alignment>yz-plane</axis-alignment>
  <type type="string">literal</type>
  <text type="string">CANOPY</text>
  <draw-text type="bool">true</draw-text>
  <alignment>left-top</alignment>
 </text>

  <animation>
	<type>select</type>
	<object-name>canpy</object-name>
	<condition>
		<not-equals>
			<property>canopy/position-norm</property>
			<value>0</value>
		</not-equals>
	</condition>
</animation>
 
 
 
 

	
<text>
  <name>hook</name>
  <font>condensed.txf</font>
  <character-size type="double">0.0056</character-size>
  <offsets>
   <x-m>-4.5</x-m>
   <y-m>-0.018</y-m>
   <z-m>0.669</z-m>
  </offsets>
  <axis-alignment>yz-plane</axis-alignment>
  <type type="string">literal</type>
  <text type="string">HOOK</text>
  <draw-text type="bool">true</draw-text>
  <alignment>left-top</alignment>
 </text>	
 
 
   <animation>
        <type>select</type>
        <object-name>hook</object-name>
        
        <condition>
       <property>controls/gear/tailhook</property>
        </condition>
    </animation>
	
	
</PropertyList>