<?xml version="1.0"?>
<PropertyList>

 <path>radar.ac</path>
 <animation>
	 <type>material</type>
	 <object-name>radarBase</object-name>
	 <object-name>radButtons</object-name>
	 <object-name>navToggle</object-name>	 
	 <emission>
		 <red>0.2</red>
		 <green>0.05</green>
		 <blue>0.0</blue>
		 <factor-prop>sim/model/material/instruments/factor</factor-prop>
	 </emission> 
 </animation>
 
 <animation>
	 <type>select</type>
	 <object-name>locking</object-name>
	 <condition>   
		 <equals>
			 <property>instrumentation/radar[0]/lock</property>
			 <value>1</value>
		 </equals>
	 </condition>
 </animation>
 <animation>
	 <type>select</type>
	 <object-name>locked</object-name>
	 <condition>   
		 <equals>
			 <property>instrumentation/radar[0]/lock</property>
			 <value>2</value>
		 </equals>
	 </condition>
 </animation>
 <animation>
	 <type>select</type>
	 <object-name>Menu</object-name>
	 <condition>   
		 <equals>
		 	 <property>instrumentation/radar[0]/selected</property>
			 <value>0</value>
		 </equals>
	 </condition>
 </animation>
 <animation>
	 <type>select</type>
	 <object-name>boreBG</object-name>
	 <condition>   
		<equals>
		 	<property>instrumentation/radar[0]/selected</property>
		 	<value>1</value>
	 	</equals>
	 </condition>
 </animation>
 <animation>
	 <type>select</type>
	 <object-name>searchBG</object-name>
	 <condition>   
		 <equals>
			 <property>instrumentation/radar[0]/selected</property>
			 <value>2</value>
		 </equals>
	 </condition>
 </animation>
 <animation>
	 <type>select</type>
	 <object-name>airToAirBG</object-name>
	 <condition>   
		 <equals>
			 <property>instrumentation/radar[0]/selected</property>
			 <value>3</value>
		 </equals>
	 </condition>
 </animation>
 <animation>
	 <type>select</type>
	 <object-name>airToSurfBG</object-name>
	 <condition>   
		 <equals>
			 <property>instrumentation/radar[0]/selected</property>
			 <value>4</value>
		 </equals>
	 </condition>
 </animation>
 
 <!-- search range numbers -->
 <animation>
	 <type>select</type>
	 <object-name>s40_1</object-name>
	 <object-name>s20_0</object-name>
	 <condition>   
		 <and>
		 	<equals>
				 <property>instrumentation/radar[0]/selected</property>
				 <value>2</value>
		 	</equals>
			<equals>
				<property>instrumentation/radar[0]/range</property>
				<value>40</value>
		 	</equals>	
		</and>
	 </condition>
 </animation>
 <animation>
	 <type>select</type>
	 <object-name>s20_1</object-name>
	 <object-name>s10_0</object-name>
	 <condition>   
		 <and>
			 <equals>
				 <property>instrumentation/radar[0]/selected</property>
				 <value>2</value>
			 </equals>
			 <equals>
				 <property>instrumentation/radar[0]/range</property>
				 <value>20</value>
			 </equals>	
		 </and>
	 </condition>
 </animation>
 <!-- air to air and air to surf range numbers -->
 <animation>
	 <type>select</type>
	 <object-name>a20_1</object-name>
	 <object-name>a10_0</object-name>
	 <condition>   
		 <and>
			 <or>
			 	<equals>
					 <property>instrumentation/radar[0]/selected</property>
				 	<value>3</value>
			 	</equals>
				<equals>
					<property>instrumentation/radar[0]/selected</property>
					<value>4</value>
			 	</equals>
			</or>
			 <equals>
				 <property>instrumentation/radar[0]/range</property>
				 <value>20</value>
			 </equals>	
		 </and>
	 </condition>
 </animation>
 <animation>
	 <type>select</type>
	 <object-name>a10_1</object-name>
	 <object-name>a5_0</object-name>
	 <condition>   
		 <and>
			 <or>
				 <equals>
					 <property>instrumentation/radar[0]/selected</property>
					 <value>3</value>
				 </equals>
				 <equals>
					 <property>instrumentation/radar[0]/selected</property>
					 <value>4</value>
				 </equals>
			 </or>
			 <equals>
				 <property>instrumentation/radar[0]/range</property>
				 <value>10</value>
			 </equals>	
		 </and>
	 </condition>
 </animation>
 <!--++++++++++++ target0 air to air ++++++++++-->
 <animation>
	 <type>select</type>
	 <object-name>target0</object-name>
	 <condition>   
		<and>
			<equals>
				<property>instrumentation/radar/ai/models/aircraft[0]/radar/in-range</property>
				<value>1</value>
			</equals>
			<equals>
				<property>instrumentation/radar[0]/selected</property>  
				<value>3</value>
			</equals>
	        </and>
	 </condition>
 </animation>

 <animation>
	 <type>translate</type>
	 <object-name>target0</object-name>
	 <property>instrumentation/radar/ai/models/aircraft[0]/radar/y-shift</property>
	 <axis>
		 <x>0</x>
		 <y>0</y>
		 <z>1</z>
	 </axis>
 </animation>
 <animation>
	 <type>translate</type>
	 <object-name>target0</object-name>
	 <property>instrumentation/radar/ai/models/aircraft[0]/radar/x-shift</property>
	 <axis>
		 <x>0</x>
		 <y>1</y>
		 <z>0</z>
	 </axis>
 </animation>
 <animation>
	 <type>rotate</type>
	 <object-name>target0</object-name>
	 <property>instrumentation/radar/ai/models/aircraft[0]/radar/rotation</property>
	 <axis>
		 <x>-1</x>
		 <y>0</y>
		 <z>0</z>
	 </axis>
	 <center>
		 <x-m>0.00</x-m>
		 <y-m>-0.009</y-m>
		 <z-m>0.003</z-m>
	</center>
 </animation>
 <!--++++++++++++ target1 air to air ++++++++++-->
 <animation>
	 <type>select</type>
	 <object-name>target1</object-name>
	 <condition>   
		 <and>
			 <equals>
				 <property>instrumentation/radar/ai/models/aircraft[1]/radar/in-range</property>
				 <value>1</value>
			 </equals>
			 <equals>
				 <property>instrumentation/radar[0]/selected</property>  
				 <value>3</value>
			 </equals>
		 </and>
	 </condition>
 </animation>
 
 <animation>
	 <type>translate</type>
	 <object-name>target1</object-name>
	 <property>instrumentation/radar/ai/models/aircraft[1]/radar/y-shift</property>
	 <axis>
		 <x>0</x>
		 <y>0</y>
		 <z>1</z>
	 </axis>
	 <factor>.001888</factor>
 </animation>
 <animation>
	 <type>translate</type>
	 <object-name>target1</object-name>
	 <property>instrumentation/radar/ai/models/aircraft[1]/radar/x-shift</property>
	 <axis>
		 <x>0</x>
		 <y>1</y>
		 <z>0</z>
	 </axis>
	 <factor>.001888</factor>
 </animation>
 <animation>
	 <type>rotate</type>
	 <object-name>target1</object-name>
	 <property>instrumentation/radar/ai/models/aircraft[1]/radar/rotation</property>
	 <axis>
		 <x>-1</x>
		 <y>0</y>
		 <z>0</z>
	 </axis>
	 <center>
		 <x-m>0.00</x-m>
		 <y-m>-0.009</y-m>
		 <z-m>0.003</z-m>
	 </center>
 </animation>
 <!--++++++++++++ target2 air to air ++++++++++-->
 <animation>
	 <type>select</type>
	 <object-name>target2</object-name>
	 <condition>   
		 <and>
			 <equals>
				 <property>instrumentation/radar/ai/models/multiplayer[0]/radar/in-range</property>
				 <value>1</value>
			 </equals>
			 <equals>
				 <property>instrumentation/radar[0]/selected</property>  
				 <value>3</value>
			 </equals>
		 </and>
	 </condition>
 </animation>
 
 <animation>
	 <type>translate</type>
	 <object-name>target2</object-name>
	 <property>instrumentation/radar/ai/models/multiplayer[0]/radar/y-shift</property>
	 <axis>
		 <x>0</x>
		 <y>0</y>
		 <z>1</z>
	 </axis>
 </animation>
 <animation>
	 <type>translate</type>
	 <object-name>target2</object-name>
	 <property>instrumentation/radar/ai/models/multiplayer[0]/radar/x-shift</property>
	 <axis>
		 <x>0</x>
		 <y>1</y>
		 <z>0</z>
	 </axis>
 </animation>
 <animation>
	 <type>rotate</type>
	 <object-name>target2</object-name>
	 <property>instrumentation/radar/ai/models/multiplayer[0]/radar/rotation</property>
	 <axis>
		 <x>-1</x>
		 <y>0</y>
		 <z>0</z>
	 </axis>
	 <center>
		 <x-m>0.00</x-m>
		 <y-m>-0.009</y-m>
		 <z-m>0.003</z-m>
	 </center>
 </animation>
 <!--++++++++++++ target3 air to air ++++++++++-->
 <animation>
	 <type>select</type>
	 <object-name>target3</object-name>
	 <condition>   
		 <and>
			 <equals>
				 <property>instrumentation/radar/ai/models/multiplayer[1]/radar/in-range</property>
				 <value>1</value>
			 </equals>
			 <equals>
				 <property>instrumentation/radar[0]/selected</property>  
				 <value>3</value>
			 </equals>
		 </and>
	 </condition>
 </animation>
 
 <animation>
	 <type>translate</type>
	 <object-name>target3</object-name>
	 <property>instrumentation/radar/ai/models/multiplayer[1]/radar/y-shift</property>
	 <axis>
		 <x>0</x>
		 <y>0</y>
		 <z>1</z>
	 </axis>
 </animation>
 <animation>
	 <type>translate</type>
	 <object-name>target3</object-name>
	 <property>instrumentation/radar/ai/models/multiplayer[1]/radar/x-shift</property>
	 <axis>
		 <x>0</x>
		 <y>1</y>
		 <z>0</z>
	 </axis>
 </animation>
 <animation>
	 <type>rotate</type>
	 <object-name>target3</object-name>
	 <property>instrumentation/radar/ai/models/multiplayer[1]/radar/rotation</property>
	 <axis>
		 <x>-1</x>
		 <y>0</y>
		 <z>0</z>
	 </axis>
	 <center>
		 <x-m>0.00</x-m>
		 <y-m>-0.009</y-m>
		 <z-m>0.003</z-m>
	 </center>
 </animation>
 <!--++++++++++++ target4 air to air ++++++++++-->
 <animation>
	 <type>select</type>
	 <object-name>target4</object-name>
	 <condition>   
		 <and>
			 <equals>
				 <property>instrumentation/radar/ai/models/multiplayer[2]/radar/in-range</property>
				 <value>1</value>
			 </equals>
			 <equals>
				 <property>instrumentation/radar[0]/selected</property>  
				 <value>3</value>
			 </equals>
		 </and>
	 </condition>
 </animation>
 
 <animation>
	 <type>translate</type>
	 <object-name>target4</object-name>
	 <property>instrumentation/radar/ai/models/multiplayer[2]/radar/y-shift</property>
	 <axis>
		 <x>0</x>
		 <y>0</y>
		 <z>1</z>
	 </axis>
 </animation>
 <animation>
	 <type>translate</type>
	 <object-name>target4</object-name>
	 <property>instrumentation/radar/ai/models/multiplayer[2]/radar/x-shift</property>
	 <axis>
		 <x>0</x>
		 <y>1</y>
		 <z>0</z>
	 </axis>
 </animation>
 <animation>
	 <type>rotate</type>
	 <object-name>target4</object-name>
	 <property>instrumentation/radar/ai/models/multiplayer[2]/radar/rotation</property>
	 <axis>
		 <x>-1</x>
		 <y>0</y>
		 <z>0</z>
	 </axis>
	 <center>
		 <x-m>0.00</x-m>
		 <y-m>-0.009</y-m>
		 <z-m>0.003</z-m>
	 </center>
 </animation>
 <!--++++++++++++ target5 air to air ++++++++++-->
 <animation>
	 <type>select</type>
	 <object-name>target5</object-name>
	 <condition>   
		 <and>
			 <equals>
				 <property>instrumentation/radar/ai/models/multiplayer[3]/radar/in-range</property>
				 <value>1</value>
			 </equals>
			 <equals>
				 <property>instrumentation/radar[0]/selected</property>  
				 <value>3</value>
			 </equals>
		 </and>
	 </condition>
 </animation>
 
 <animation>
	 <type>translate</type>
	 <object-name>target5</object-name>
	 <property>instrumentation/radar/ai/models/multiplayer[3]/radar/y-shift</property>
	 <axis>
		 <x>0</x>
		 <y>0</y>
		 <z>1</z>
	 </axis>
 </animation>
 <animation>
	 <type>translate</type>
	 <object-name>target5</object-name>
	<property>instrumentation/radar/ai/models/multiplayer[3]/radar/x-shift</property>
	 <axis>
		 <x>0</x>
		 <y>1</y>
		 <z>0</z>
	 </axis>
 </animation>
 <animation>
	 <type>rotate</type>
	 <object-name>target5</object-name>
	<property>instrumentation/radar/ai/models/multiplayer[3]/radar/rotation</property>
	 <axis>
		 <x>-1</x>
		 <y>0</y>
		 <z>0</z>
	 </axis>
	 <center>
		 <x-m>0.00</x-m>
		 <y-m>-0.009</y-m>
		 <z-m>0.003</z-m>
	 </center>
 </animation>
 <!--++++++++++++ target6 air to air ++++++++++-->
 <animation>
	 <type>select</type>
	 <object-name>target6</object-name>
	 <condition>   
		 <and>
			 <equals>
				 <property>instrumentation/radar/ai/models/multiplayer[4]/radar/in-range</property>
				 <value>1</value>
			 </equals>
			 <equals>
				 <property>instrumentation/radar[0]/selected</property>  
				 <value>3</value>
			 </equals>
		 </and>
	 </condition>
 </animation>
 
 <animation>
	 <type>translate</type>
	 <object-name>target6</object-name>
	<property>instrumentation/radar/ai/models/multiplayer[4]/radar/y-shift</property>
	 <axis>
		 <x>0</x>
		 <y>0</y>
		 <z>1</z>
	 </axis>
 </animation>
 <animation>
	 <type>translate</type>
	 <object-name>target6</object-name> 
	<property>instrumentation/radar/ai/models/multiplayer[4]/radar/x-shift</property>
	 <axis>
		 <x>0</x>
		 <y>1</y>
		 <z>0</z>
	 </axis>
 </animation>
 <animation>
	 <type>rotate</type>
	 <object-name>target6</object-name> 
	<property>instrumentation/radar/ai/models/multiplayer[4]/radar/rotation</property>
	 <axis>
		 <x>-1</x>
		 <y>0</y>
		 <z>0</z>
	 </axis>
	 <center>
		 <x-m>0.00</x-m>
		 <y-m>-0.009</y-m>
		 <z-m>0.003</z-m>
	 </center>
 </animation>
 <!--++++++++++++ target7 air to air ++++++++++-->
 <animation>
	 <type>select</type>
	 <object-name>target7</object-name>
	 <condition>   
		 <and>
			 <equals>
				 <property>instrumentation/radar/ai/models/multiplayer[5]/radar/in-range</property>
				 <value>1</value>
			 </equals>
			 <equals>
				 <property>instrumentation/radar[0]/selected</property>  
				 <value>3</value>
			 </equals>
		 </and>
	 </condition>
 </animation>
 
 <animation>
	 <type>translate</type>
	 <object-name>target7</object-name>
	<property>instrumentation/radar/ai/models/multiplayer[5]/radar/y-shift</property>
	 <axis>
		 <x>0</x>
		 <y>0</y>
		 <z>1</z>
	 </axis>
 </animation>
 <animation>
	 <type>translate</type>
	 <object-name>target7</object-name>
	<property>instrumentation/radar/ai/models/multiplayer[5]/radar/x-shift</property>
	 <axis>
		 <x>0</x>
		 <y>1</y>
		 <z>0</z>
	 </axis>
 </animation>
 <animation>
	 <type>rotate</type>
	 <object-name>target7</object-name>
	<property>instrumentation/radar/ai/models/multiplayer[5]/radar/rotation</property>
	 <axis>
		 <x>-1</x>
		 <y>0</y>
		 <z>0</z>
	 </axis>
	 <center>
		 <x-m>0.00</x-m>
		 <y-m>-0.009</y-m>
		 <z-m>0.003</z-m>
	 </center>
 </animation>
 <!--++++++++++++ ship0 air to surf ++++++++++-->
 <animation>
	 <type>select</type>
	 <object-name>ship0</object-name>
	 <condition>   
		 <and>
			 <equals>
				 <property>ai/models/carrier[0]/radar/in-range</property>
				 <value>1</value>
			 </equals>
			 <equals>
				 <property>instrumentation/radar[0]/selected</property>  
				 <value>4</value>
			 </equals>
		 </and>
	 </condition>
 </animation>
 
 <animation>
	 <type>translate</type>
	 <object-name>ship0</object-name>
	 <property>ai/models/carrier[0]/radar/y-shift</property>
	 <axis>
		 <x>0</x>
		 <y>0</y>
		 <z>1</z>
	 </axis>
 </animation>
 <animation>
	 <type>translate</type>
	 <object-name>ship0</object-name>
	 <property>ai/models/carrier[0]/radar/x-shift</property>
	 <axis>
		 <x>0</x>
		 <y>1</y>
		 <z>0</z>
	 </axis>
 </animation>
 <animation>
	 <type>rotate</type>
	 <object-name>ship0</object-name>
	 <property>ai/models/carrier[0]/radar/rotation</property>
	 <axis>
		 <x>-1</x>
		 <y>0</y>
		 <z>0</z>
	 </axis>
	 <center>
		 <x-m>0.00</x-m>
		 <y-m>-0.009</y-m>
		 <z-m>0.003</z-m>
	 </center>
 </animation>
 <!--++++++++++++ ship1 air to surf ++++++++++-->
 <animation>
	 <type>select</type>
	 <object-name>ship1</object-name>
	 <condition>   
		 <and>
			 <equals>
				 <property>ai/models/carrier[1]/radar/in-range</property>
				 <value>1</value>
			 </equals>
			 <equals>
				 <property>instrumentation/radar[0]/selected</property>  
				 <value>4</value>
			 </equals>
		 </and>
	 </condition>
 </animation>
 
 <animation>
	 <type>translate</type>
	 <object-name>ship1</object-name>
	 <property>ai/models/carrier[1]/radar/y-shift</property>
	 <axis>
		 <x>0</x>
		 <y>0</y>
		 <z>1</z>
	 </axis>
 </animation>
 <animation>
	 <type>translate</type>
	 <object-name>ship1</object-name>
	 <property>ai/models/carrier[1]/radar/x-shift</property>
	 <axis>
		 <x>0</x>
		 <y>1</y>
		 <z>0</z>
	 </axis>
 </animation>
 <animation>
	 <type>rotate</type>
	 <object-name>ship1</object-name>
	 <property>ai/models/carrier[1]/radar/rotation</property>
	 <axis>
		 <x>-1</x>
		 <y>0</y>
		 <z>0</z>
	 </axis>
	 <center>
		 <x-m>0.00</x-m>
		 <y-m>-0.009</y-m>
		 <z-m>0.003</z-m>
	 </center>
 </animation>
 
 <!--++++++++++++ starget0 search ++++++++++-->
 <animation>
	 <type>select</type>
	 <object-name>sTarget0</object-name>
	 <condition>   
		 <and>
			 <equals>
				 <property>instrumentation/radar/ai/models/aircraft[0]/radar/in-range</property>
				 <value>1</value>
			 </equals>
			 <equals>
				 <property>instrumentation/radar[0]/selected</property>  
				 <value>2</value>
			 </equals>
			 <greater-than>
				 <property>instrumentation/radar/ai/models/aircraft[0]/radar[0]/h-offset</property>  
				<value>-65</value>				 
			 </greater-than>
			 <less-than>
				 <property>instrumentation/radar/ai/models/aircraft[0]/radar[0]/h-offset</property>  
				 <value>65</value>				 
			 </less-than>
		 </and>
	 </condition>
 </animation>
 
 <animation>
	 <type>translate</type>
	 <object-name>sTarget0</object-name>
	 <property>instrumentation/radar/ai/models/aircraft[0]/radar/y-shift</property>
	 <axis>
		 <x>0</x>
		 <y>0</y>
		 <z>1</z>
	 </axis>
 </animation>
 <animation>
	 <type>translate</type>
	 <object-name>sTarget0</object-name>
	 <property>instrumentation/radar/ai/models/aircraft[0]/radar/x-shift</property>
	 <axis>
		 <x>0</x>
		 <y>1</y>
		 <z>0</z>
	 </axis>
 </animation>
 <!--++++++++++++ sTarget1 search ++++++++++-->
 <animation>
	 <type>select</type>
	 <object-name>sTarget1</object-name>
	 <condition>   
		 <and>
			 <equals>
				 <property>instrumentation/radar/ai/models/aircraft[1]/radar/in-range</property>
				 <value>1</value>
			 </equals>
			 <equals>
				 <property>instrumentation/radar[0]/selected</property>  
				 <value>2</value>
			 </equals>
			 <greater-than>
				 <property>instrumentation/radar/ai/models/aircraft[1]/radar[0]/h-offset</property>  
				 <value>-65</value>				 
			 </greater-than>
			 <less-than>
				 <property>instrumentation/radar/ai/models/aircraft[1]/radar[0]/h-offset</property>  
				 <value>65</value>				 
			 </less-than>
		 </and>
	 </condition>
 </animation>
 
 <animation>
	 <type>translate</type>
	 <object-name>sTarget1</object-name>
	 <property>instrumentation/radar/ai/models/aircraft[1]/radar/y-shift</property>
	 <axis>
		 <x>0</x>
		 <y>0</y>
		 <z>1</z>
	 </axis>
 </animation>
 <animation>
	 <type>translate</type>
	 <object-name>sTarget1</object-name>
	 <property>instrumentation/radar/ai/models/aircraft[1]/radar/x-shift</property>
	 <axis>
		 <x>0</x>
		 <y>1</y>
		 <z>0</z>
	 </axis>
 </animation>

 <!--++++++++++++ sTarget2 search ++++++++++-->
 <animation>
	 <type>select</type>
	 <object-name>sTarget2</object-name>
	 <condition>   
		 <and>
			 <equals>
				 <property>instrumentation/radar/ai/models/multiplayer[0]/radar/in-range</property>
				 <value>1</value>
			 </equals>
			 <equals>
				 <property>instrumentation/radar[0]/selected</property>  
				 <value>2</value>
			 </equals>
			 <greater-than>
				 <property>instrumentation/radar/ai/models/multiplayer[0]/radar[0]/h-offset</property>  
				 <value>-65</value>				 
			 </greater-than>
			 <less-than>
				 <property>instrumentation/radar/ai/models/multiplayer[0]/radar[0]/h-offset</property>  
				 <value>65</value>				 
			 </less-than>
		 </and>
	 </condition>
 </animation>
 
 <animation>
	 <type>translate</type>
	 <object-name>sTarget2</object-name>	
	 <property>instrumentation/radar/ai/models/multiplayer[0]/radar/y-shift</property>
	 <axis>
		 <x>0</x>
		 <y>0</y>
		 <z>1</z>
	 </axis>
 </animation>
 <animation>
	 <type>translate</type>
	 <object-name>sTarget2</object-name>
	 <property>instrumentation/radar/ai/models/multiplayer[0]/radar/x-shift</property>
	 <axis>
		 <x>0</x>
		 <y>1</y>
		 <z>0</z>
	 </axis>
 </animation>

 <!--++++++++++++ sTarget3 search ++++++++++-->
 <animation>
	 <type>select</type>
	 <object-name>sTarget3</object-name>
	 <condition>   
		 <and>
			 <equals>
				 <property>instrumentation/radar/ai/models/multiplayer[1]/radar/in-range</property>
				 <value>1</value>
			 </equals>
			 <equals>
				 <property>instrumentation/radar[0]/selected</property>  
				 <value>2</value>
			 </equals>
			 <greater-than>
				 <property>instrumentation/radar/ai/models/multiplayer[1]/radar[0]/h-offset</property>  
				 <value>-65</value>				 
			 </greater-than>
			 <less-than>
				 <property>instrumentation/radar/ai/models/multiplayer[1]/radar[0]/h-offset</property>  
				 <value>65</value>				 
			 </less-than>
		 </and>
	 </condition>
 </animation>
 
 <animation>
	 <type>translate</type>
	 <object-name>sTarget3</object-name>
	 <property>instrumentation/radar/ai/models/multiplayer[1]/radar/y-shift</property>
	 <axis>
		 <x>0</x>
		 <y>0</y>
		 <z>1</z>
	 </axis>
 </animation>
 <animation>
	 <type>translate</type>
	 <object-name>sTarget3</object-name>
	 <property>instrumentation/radar/ai/models/multiplayer[1]/radar/x-shift</property>
	 <axis>
		 <x>0</x>
		 <y>1</y>
		 <z>0</z>
	 </axis>
 </animation>

 <!--++++++++++++ sTarget4 search ++++++++++-->
 <animation>
	 <type>select</type>
	 <object-name>sTarget4</object-name>
	 <condition>   
		 <and>
			 <equals>
				 <property>instrumentation/radar/ai/models/multiplayer[2]/radar/in-range</property>
				 <value>1</value>
			 </equals>
			 <equals>
				 <property>instrumentation/radar[0]/selected</property>  
				 <value>2</value>
			 </equals>
			 <greater-than>
				 <property>instrumentation/radar/ai/models/multiplayer[2]/radar[0]/h-offset</property>  
				 <value>-65</value>				 
			 </greater-than>
			 <less-than>
				 <property>instrumentation/radar/ai/models/multiplayer[2]/radar[0]/h-offset</property>  
				 <value>65</value>				 
			 </less-than>
		 </and>
	 </condition>
 </animation>
 
 <animation>
	 <type>translate</type>
	 <object-name>sTarget4</object-name>
	 <property>instrumentation/radar/ai/models/multiplayer[2]/radar/y-shift</property>
	 <axis>
		 <x>0</x>
		 <y>0</y>
		 <z>1</z>
	 </axis>
 </animation>
 <animation>
	 <type>translate</type>
	 <object-name>sTarget4</object-name>
	 <property>instrumentation/radar/ai/models/multiplayer[2]/radar/x-shift</property>
	 <axis>
		 <x>0</x>
		 <y>1</y>
		 <z>0</z>
	 </axis>
 </animation>

 <!--++++++++++++ sTarget5 search ++++++++++-->
 <animation>
	 <type>select</type>
	 <object-name>sTarget5</object-name>
	 <condition>   
		 <and>
			 <equals>
				 <property>instrumentation/radar/ai/models/multiplayer[3]/radar/in-range</property>
				 <value>1</value>
			 </equals>
			 <equals>
				 <property>instrumentation/radar[0]/selected</property>  
				 <value>2</value>
			 </equals>
			 <greater-than>
				 <property>instrumentation/radar/ai/models/multiplayer[3]/radar[0]/h-offset</property>  
				 <value>-65</value>				 
			 </greater-than>
			 <less-than>
				 <property>instrumentation/radar/ai/models/multiplayer[3]/radar[0]/h-offset</property>  
				 <value>65</value>				 
			 </less-than>
		 </and>
	 </condition>
 </animation>
 
 <animation>
	 <type>translate</type>
	 <object-name>sTarget5</object-name>
	 <property>instrumentation/radar/ai/models/multiplayer[3]/radar/y-shift</property>
	 <axis>
		 <x>0</x>
		 <y>0</y>
		 <z>1</z>
	 </axis>
 </animation>
 <animation>
	 <type>translate</type>
	 <object-name>sTarget5</object-name>
	 <property>instrumentation/radar/ai/models/multiplayer[3]/radar/x-shift</property>
	 <axis>
		 <x>0</x>
		 <y>1</y>
		 <z>0</z>
	 </axis>
 </animation>

 <!--++++++++++++ sTarget6 search++++++++++-->
 <animation>
	 <type>select</type>
	 <object-name>sTarget6</object-name>
	 <condition>   
		 <and>
			 <equals>
				 <property>instrumentation/radar/ai/models/multiplayer[4]/radar/in-range</property>
				 <value>1</value>
			 </equals>
			 <equals>
				 <property>instrumentation/radar[0]/selected</property>  
				 <value>2</value>
			 </equals>
			 <greater-than>
				 <property>instrumentation/radar/ai/models/multiplayer[4]/radar[0]/h-offset</property>  
				 <value>-65</value>				 
			 </greater-than>
			 <less-than>
				 <property>instrumentation/radar/ai/models/multiplayer[4]/radar[0]/h-offset</property>  
				 <value>65</value>				 
			 </less-than>
		 </and>
	 </condition>
 </animation>
 
 <animation>
	 <type>translate</type>
	 <object-name>sTarget6</object-name>
	 <property>instrumentation/radar/ai/models/multiplayer[4]/radar/y-shift</property>
	 <axis>
		 <x>0</x>
		 <y>0</y>
		 <z>1</z>
	 </axis>
 </animation>
 <animation>
	 <type>translate</type>
	 <object-name>sTarget6</object-name> 
	 <property>instrumentation/radar/ai/models/multiplayer[4]/radar/x-shift</property>
	 <axis>
		 <x>0</x>
		 <y>1</y>
		 <z>0</z>
	 </axis>
 </animation>

 <!--++++++++++++ sTarget7 search ++++++++++-->
 <animation>
	 <type>select</type>
	 <object-name>sTarget7</object-name>
	 <condition>   
		 <and>
			 <equals>
				 <property>instrumentation/radar/ai/models/multiplayer[5]/radar/in-range</property>
				 <value>1</value>
			 </equals>
			 <equals>
				 <property>instrumentation/radar[0]/selected</property>  
				 <value>2</value>
			 </equals>
			 <greater-than>
				 <property>instrumentation/radar/ai/models/multiplayer[5]/radar[0]/h-offset</property>  
				 <value>-65</value>				 
			 </greater-than>
			 <less-than>
				 <property>instrumentation/radar/ai/models/multiplayer[5]/radar[0]/h-offset</property>  
				 <value>65</value>				 
			 </less-than>
		 </and>
	 </condition>
 </animation>
 
 <animation>
	 <type>translate</type>
	 <object-name>sTarget7</object-name>
	 <property>instrumentation/radar/ai/models/multiplayer[5]/radar/y-shift</property>
	 <axis>
		 <x>0</x>
		 <y>0</y>
		 <z>1</z>
	 </axis>
 </animation>
 <animation>
	 <type>translate</type>
	 <object-name>sTarget7</object-name>
	 <property>instrumentation/radar/ai/models/multiplayer[5]/radar/x-shift</property>
	 <axis>
		 <x>0</x>
		 <y>1</y>
		 <z>0</z>
	 </axis>
 </animation>

 
</PropertyList>


